champion,opponent,wr,delta_vs_avg,delta_norm,opp_avg_wr,games,patch,tier,lane,fetched_at
Aphelios,Nilah,39.38,-8.19,-10.89,47.57,160,16.20,EMERALD+,bottom,2026-10-09T10:09Z
Aphelios,Swain,42.01,-2.59,-5.28,44.6,169,16.20,EMERALD+,bottom,2026-10-09T10:09Z
Aphelios,Ziggs,42.65,-4.26,-6.96,46.91,272,16.20,EMERALD+,bottom,2026-10-09T10:09Z
Aphelios,Viktor,44.83,-2.68,-5.38,47.51,435,16.20,EMERALD+,bottom,2026-10-09T10:09Z
Aphelios,Veigar,45.29,-0.46,-3.15,45.75,170,16.20,EMERALD+,bottom,2026-10-09T10:09Z
Aphelios,Yasuo,46.05,-0.69,-3.39,46.74,354,16.20,EMERALD+,bottom,2026-10-09T10:09Z
Aphelios,Xerath,47.06,0.78,-1.92,46.28,136,16.20,EMERALD+,bottom,2026-10-09T10:09Z
Aphelios,Xayah,47.4,0.55,-2.15,46.85,924,16.20,EMERALD+,bottom,2026-10-09T10:09Z
Aphelios,Katarina,48.1,2.16,-0.53,45.94,158,16.20,EMERALD+,bottom,2026-10-09T10:09Z
Aphelios,Twitch,48.37,0.66,-2.04,47.71,891,16.20,EMERALD+,bottom,2026-10-09T10:09Z
Aphelios,Jinx,48.73,2.48,-0.22,46.25,3794,16.20,EMERALD+,bottom,2026-10-09T10:09Z
Aphelios,Zeri,49.37,1.16,-1.54,48.21,877,16.20,EMERALD+,bottom,2026-10-09T10:09Z
Aphelios,Draven,49.52,1.03,-1.67,48.49,729,16.20,EMERALD+,bottom,2026-10-09T10:09Z
Aphelios,Lux,49.54,2.98,0.28,46.56,109,16.20,EMERALD+,bottom,2026-10-09T10:09Z
Aphelios,Samira,49.74,0.7,-2.0,49.04,585,16.20,EMERALD+,bottom,2026-10-09T10:09Z
Aphelios,Corki,49.83,0.26,-2.44,49.57,289,16.20,EMERALD+,bottom,2026-10-09T10:09Z
Aphelios,Kog'Maw,50.39,4.25,1.56,46.14,389,16.20,EMERALD+,bottom,2026-10-09T10:09Z
Aphelios,Hwei,50.63,4.63,1.94,46.0,160,16.20,EMERALD+,bottom,2026-10-09T10:09Z
Aphelios,Miss Fortune,50.83,2.14,-0.56,48.69,968,16.20,EMERALD+,bottom,2026-10-09T10:09Z
Aphelios,Varus,50.85,0.34,-2.36,50.51,468,16.20,EMERALD+,bottom,2026-10-09T10:09Z
Aphelios,Kalista,50.88,0.9,-1.8,49.98,570,16.20,EMERALD+,bottom,2026-10-09T10:09Z
Aphelios,Sivir,51.52,3.39,0.69,48.13,625,16.20,EMERALD+,bottom,2026-10-09T10:09Z
Aphelios,Lucian,52.2,2.63,-0.07,49.57,1498,16.20,EMERALD+,bottom,2026-10-09T10:09Z
Aphelios,Jhin,52.26,3.54,0.84,48.72,3125,16.20,EMERALD+,bottom,2026-10-09T10:09Z
Aphelios,Caitlyn,52.38,3.3,0.6,49.08,2778,16.20,EMERALD+,bottom,2026-10-09T10:09Z
Aphelios,Tristana,52.49,5.19,2.49,47.3,1665,16.20,EMERALD+,bottom,2026-10-09T10:09Z
Aphelios,Smolder,52.92,4.2,1.5,48.72,1079,16.20,EMERALD+,bottom,2026-10-09T10:09Z
Aphelios,Ashe,53.41,4.02,1.32,49.39,998,16.20,EMERALD+,bottom,2026-10-09T10:09Z
Aphelios,Yunara,53.78,4.23,1.53,49.55,2397,16.20,EMERALD+,bottom,2026-10-09T10:09Z
Aphelios,Kai'Sa,53.92,5.01,2.31,48.91,3381,16.20,EMERALD+,bottom,2026-10-09T10:09Z
Aphelios,Ezreal,54.01,1.77,-0.93,52.24,1885,16.20,EMERALD+,bottom,2026-10-09T10:09Z
Aphelios,Syndra,54.74,6.36,3.66,48.38,137,16.20,EMERALD+,bottom,2026-10-09T10:09Z
Aphelios,Vayne,55.92,6.56,3.86,49.36,490,16.20,EMERALD+,bottom,2026-10-09T10:09Z
Aphelios,Mel,59.26,8.73,6.03,50.53,108,16.20,EMERALD+,bottom,2026-10-09T10:09Z
Ashe,Swain,37.96,-6.64,-8.7,44.6,108,16.20,EMERALD+,bottom,2026-10-09T10:09Z
Ashe,Viktor,44.59,-2.92,-4.99,47.51,231,16.20,EMERALD+,bottom,2026-10-09T10:09Z
Ashe,Yasuo,45.85,-0.89,-2.96,46.74,229,16.20,EMERALD+,bottom,2026-10-09T10:09Z
Ashe,Tristana,46.17,-1.13,-3.2,47.3,1098,16.20,EMERALD+,bottom,2026-10-09T10:09Z
Ashe,Ziggs,46.86,-0.05,-2.12,46.91,175,16.20,EMERALD+,bottom,2026-10-09T10:09Z
Ashe,Samira,46.87,-2.17,-4.24,49.04,399,16.20,EMERALD+,bottom,2026-10-09T10:09Z
Ashe,Veigar,47.22,1.47,-0.6,45.75,108,16.20,EMERALD+,bottom,2026-10-09T10:09Z
Ashe,Twitch,48.14,0.43,-1.64,47.71,590,16.20,EMERALD+,bottom,2026-10-09T10:09Z
Ashe,Aphelios,49.19,0.43,-1.64,48.76,988,16.20,EMERALD+,bottom,2026-10-09T10:09Z
Ashe,Jinx,49.62,3.37,1.3,46.25,2094,16.20,EMERALD+,bottom,2026-10-09T10:09Z
Ashe,Miss Fortune,49.68,0.99,-1.08,48.69,626,16.20,EMERALD+,bottom,2026-10-09T10:09Z
Ashe,Draven,50.33,1.84,-0.23,48.49,457,16.20,EMERALD+,bottom,2026-10-09T10:09Z
Ashe,Yunara,50.37,0.82,-1.25,49.55,1207,16.20,EMERALD+,bottom,2026-10-09T10:09Z
Ashe,Smolder,50.5,1.78,-0.29,48.72,697,16.20,EMERALD+,bottom,2026-10-09T10:09Z
Ashe,Varus,51.16,0.65,-1.42,50.51,301,16.20,EMERALD+,bottom,2026-10-09T10:09Z
Ashe,Kalista,51.16,1.18,-0.89,49.98,516,16.20,EMERALD+,bottom,2026-10-09T10:09Z
Ashe,Corki,51.2,1.63,-0.44,49.57,166,16.20,EMERALD+,bottom,2026-10-09T10:09Z
Ashe,Ezreal,51.37,-0.87,-2.94,52.24,1279,16.20,EMERALD+,bottom,2026-10-09T10:09Z
Ashe,Jhin,51.73,3.01,0.94,48.72,2167,16.20,EMERALD+,bottom,2026-10-09T10:09Z
Ashe,Kog'Maw,51.77,5.63,3.56,46.14,226,16.20,EMERALD+,bottom,2026-10-09T10:09Z
Ashe,Kai'Sa,51.9,2.99,0.92,48.91,2075,16.20,EMERALD+,bottom,2026-10-09T10:09Z
Ashe,Mel,52.0,1.47,-0.6,50.53,125,16.20,EMERALD+,bottom,2026-10-09T10:09Z
Ashe,Sivir,52.12,3.99,1.92,48.13,566,16.20,EMERALD+,bottom,2026-10-09T10:09Z
Ashe,Caitlyn,53.08,4.0,1.93,49.08,1965,16.20,EMERALD+,bottom,2026-10-09T10:09Z
Ashe,Zeri,53.33,5.12,3.05,48.21,480,16.20,EMERALD+,bottom,2026-10-09T10:09Z
Ashe,Lucian,53.59,4.02,1.95,49.57,989,16.20,EMERALD+,bottom,2026-10-09T10:09Z
Ashe,Xayah,53.75,6.9,4.83,46.85,493,16.20,EMERALD+,bottom,2026-10-09T10:09Z
Ashe,Vayne,55.42,6.06,3.99,49.36,397,16.20,EMERALD+,bottom,2026-10-09T10:09Z
Aurelion Sol,Tristana,43.97,-3.33,-9.66,47.3,116,16.20,EMERALD+,bottom,2026-10-09T10:09Z
Aurelion Sol,Caitlyn,50.93,1.85,-4.48,49.08,161,16.20,EMERALD+,bottom,2026-10-09T10:09Z
Aurelion Sol,Ezreal,51.82,-0.42,-6.71,52.24,137,16.20,EMERALD+,bottom,2026-10-09T10:09Z
Aurelion Sol,Kai'Sa,53.95,5.04,-1.29,48.91,228,16.20,EMERALD+,bottom,2026-10-09T10:09Z
Aurelion Sol,Smolder,54.72,6.0,-0.33,48.72,106,16.20,EMERALD+,bottom,2026-10-09T10:09Z
Aurelion Sol,Jinx,55.05,8.8,2.47,46.25,198,16.20,EMERALD+,bottom,2026-10-09T10:09Z
Aurelion Sol,Yunara,59.68,10.13,3.81,49.55,124,16.20,EMERALD+,bottom,2026-10-09T10:09Z
Aurelion Sol,Jhin,60.98,12.26,5.93,48.72,205,16.20,EMERALD+,bottom,2026-10-09T10:09Z
Brand,Jinx,43.13,-3.1,-6.33,46.23,160,16.20,EMERALD+,bottom,2026-10-09T10:09Z
Brand,Jhin,48.3,-0.47,-3.71,48.77,176,16.20,EMERALD+,bottom,2026-10-09T10:09Z
Brand,Kai'Sa,49.67,0.74,-2.5,48.93,153,16.20,EMERALD+,bottom,2026-10-09T10:09Z
Brand,Lucian,50.0,0.4,-2.84,49.6,104,16.20,EMERALD+,bottom,2026-10-09T10:09Z
Brand,Caitlyn,55.19,6.1,2.86,49.09,154,16.20,EMERALD+,bottom,2026-10-09T10:09Z
Brand,Tristana,56.31,9.01,5.77,47.3,103,16.20,EMERALD+,bottom,2026-10-09T10:09Z
Brand,Yunara,56.45,6.88,3.64,49.57,124,16.20,EMERALD+,bottom,2026-10-09T10:09Z
Brand,Ezreal,62.38,10.17,6.94,52.21,101,16.20,EMERALD+,bottom,2026-10-09T10:09Z
Caitlyn,Seraphine,44.05,-4.02,-6.4,48.07,168,16.20,EMERALD+,bottom,2026-10-09T10:09Z
Caitlyn,Katarina,44.17,-1.77,-4.15,45.94,283,16.20,EMERALD+,bottom,2026-10-09T10:09Z
Caitlyn,Xerath,44.37,-1.91,-4.29,46.28,311,16.20,EMERALD+,bottom,2026-10-09T10:09Z
Caitlyn,Vel'Koz,45.26,-0.85,-3.23,46.11,137,16.20,EMERALD+,bottom,2026-10-09T10:09Z
Caitlyn,Ziggs,46.41,-0.5,-2.88,46.91,571,16.20,EMERALD+,bottom,2026-10-09T10:09Z
Caitlyn,Nilah,46.5,-1.07,-3.45,47.57,243,16.20,EMERALD+,bottom,2026-10-09T10:09Z
Caitlyn,Hwei,46.73,0.73,-1.65,46.0,306,16.20,EMERALD+,bottom,2026-10-09T10:09Z
Caitlyn,Lux,46.8,0.24,-2.14,46.56,250,16.20,EMERALD+,bottom,2026-10-09T10:09Z
Caitlyn,Syndra,47.12,-1.26,-3.64,48.38,312,16.20,EMERALD+,bottom,2026-10-09T10:09Z
Caitlyn,Jinx,48.65,2.4,0.02,46.25,6247,16.20,EMERALD+,bottom,2026-10-09T10:09Z
Caitlyn,Brand,48.7,0.45,-1.93,48.25,154,16.20,EMERALD+,bottom,2026-10-09T10:09Z
Caitlyn,Corki,48.84,-0.73,-3.11,49.57,389,16.20,EMERALD+,bottom,2026-10-09T10:09Z
Caitlyn,Viktor,48.92,1.41,-0.97,47.51,742,16.20,EMERALD+,bottom,2026-10-09T10:09Z
Caitlyn,Yasuo,48.96,2.22,-0.16,46.74,627,16.20,EMERALD+,bottom,2026-10-09T10:09Z
Caitlyn,Mel,49.02,-1.51,-3.89,50.53,306,16.20,EMERALD+,bottom,2026-10-09T10:09Z
Caitlyn,Kog'Maw,49.27,3.13,0.75,46.14,619,16.20,EMERALD+,bottom,2026-10-09T10:09Z
Caitlyn,Sivir,49.46,1.33,-1.05,48.13,1389,16.20,EMERALD+,bottom,2026-10-09T10:09Z
Caitlyn,Draven,49.67,1.18,-1.2,48.49,1375,16.20,EMERALD+,bottom,2026-10-09T10:09Z
Caitlyn,Jhin,50.01,1.29,-1.09,48.72,6902,16.20,EMERALD+,bottom,2026-10-09T10:09Z
Caitlyn,Zeri,50.3,2.09,-0.29,48.21,1016,16.20,EMERALD+,bottom,2026-10-09T10:09Z
Caitlyn,Karthus,50.35,3.52,1.14,46.83,141,16.20,EMERALD+,bottom,2026-10-09T10:09Z
Caitlyn,Swain,50.52,5.92,3.55,44.6,291,16.20,EMERALD+,bottom,2026-10-09T10:09Z
Caitlyn,Aphelios,50.62,1.86,-0.52,48.76,2726,16.20,EMERALD+,bottom,2026-10-09T10:09Z
Caitlyn,Tristana,50.65,3.35,0.97,47.3,3076,16.20,EMERALD+,bottom,2026-10-09T10:09Z
Caitlyn,Kalista,50.92,0.94,-1.44,49.98,923,16.20,EMERALD+,bottom,2026-10-09T10:09Z
Caitlyn,Kai'Sa,50.94,2.03,-0.35,48.91,5027,16.20,EMERALD+,bottom,2026-10-09T10:09Z
Caitlyn,Aurelion Sol,50.94,5.8,3.43,45.14,159,16.20,EMERALD+,bottom,2026-10-09T10:09Z
Caitlyn,Ashe,51.05,1.66,-0.72,49.39,1949,16.20,EMERALD+,bottom,2026-10-09T10:09Z
Caitlyn,Vladimir,51.09,3.45,1.07,47.64,137,16.20,EMERALD+,bottom,2026-10-09T10:09Z
Caitlyn,Veigar,51.14,5.39,3.02,45.75,350,16.20,EMERALD+,bottom,2026-10-09T10:09Z
Caitlyn,Samira,51.5,2.46,0.08,49.04,1035,16.20,EMERALD+,bottom,2026-10-09T10:09Z
Caitlyn,Miss Fortune,51.61,2.92,0.54,48.69,1796,16.20,EMERALD+,bottom,2026-10-09T10:09Z
Caitlyn,Smolder,51.98,3.26,0.88,48.72,1895,16.20,EMERALD+,bottom,2026-10-09T10:09Z
Caitlyn,Xayah,52.06,5.21,2.83,46.85,1285,16.20,EMERALD+,bottom,2026-10-09T10:09Z
Caitlyn,Twitch,52.57,4.86,2.48,47.71,1632,16.20,EMERALD+,bottom,2026-10-09T10:09Z
Caitlyn,Ezreal,52.62,0.38,-2.0,52.24,4314,16.20,EMERALD+,bottom,2026-10-09T10:09Z
Caitlyn,Lucian,54.04,4.47,2.09,49.57,2609,16.20,EMERALD+,bottom,2026-10-09T10:09Z
Caitlyn,Vayne,54.33,4.97,2.59,49.36,1051,16.20,EMERALD+,bottom,2026-10-09T10:09Z
Caitlyn,Varus,54.9,4.39,2.01,50.51,796,16.20,EMERALD+,bottom,2026-10-09T10:09Z
Caitlyn,Yunara,54.93,5.38,3.0,49.55,3370,16.20,EMERALD+,bottom,2026-10-09T10:09Z
Caitlyn,Senna,61.21,12.73,10.35,48.48,116,16.20,EMERALD+,bottom,2026-10-09T10:09Z
Corki,Draven,43.62,-4.87,-6.76,48.49,149,16.20,EMERALD+,bottom,2026-10-09T10:09Z
Corki,Jhin,46.63,-2.09,-3.98,48.72,579,16.20,EMERALD+,bottom,2026-10-09T10:09Z
Corki,Jinx,47.66,1.41,-0.48,46.25,449,16.20,EMERALD+,bottom,2026-10-09T10:09Z
Corki,Kalista,47.98,-2.0,-3.89,49.98,173,16.20,EMERALD+,bottom,2026-10-09T10:09Z
Corki,Samira,48.09,-0.95,-2.84,49.04,131,16.20,EMERALD+,bottom,2026-10-09T10:09Z
Corki,Smolder,48.37,-0.35,-2.24,48.72,215,16.20,EMERALD+,bottom,2026-10-09T10:09Z
Corki,Tristana,49.62,2.32,0.43,47.3,655,16.20,EMERALD+,bottom,2026-10-09T10:09Z
Corki,Lucian,50.26,0.69,-1.2,49.57,380,16.20,EMERALD+,bottom,2026-10-09T10:09Z
Corki,Ezreal,50.42,-1.82,-3.71,52.24,355,16.20,EMERALD+,bottom,2026-10-09T10:09Z
Corki,Aphelios,50.56,1.8,-0.09,48.76,267,16.20,EMERALD+,bottom,2026-10-09T10:09Z
Corki,Xayah,50.6,3.75,1.86,46.85,168,16.20,EMERALD+,bottom,2026-10-09T10:09Z
Corki,Kai'Sa,50.97,2.06,0.17,48.91,722,16.20,EMERALD+,bottom,2026-10-09T10:09Z
Corki,Zeri,51.37,3.16,1.27,48.21,183,16.20,EMERALD+,bottom,2026-10-09T10:09Z
Corki,Ashe,51.57,2.18,0.29,49.39,159,16.20,EMERALD+,bottom,2026-10-09T10:09Z
Corki,Yunara,51.76,2.21,0.32,49.55,425,16.20,EMERALD+,bottom,2026-10-09T10:09Z
Corki,Sivir,53.38,5.25,3.36,48.13,133,16.20,EMERALD+,bottom,2026-10-09T10:09Z
Corki,Caitlyn,53.71,4.63,2.74,49.08,391,16.20,EMERALD+,bottom,2026-10-09T10:09Z
Corki,Vayne,54.2,4.84,2.95,49.36,131,16.20,EMERALD+,bottom,2026-10-09T10:09Z
Corki,Twitch,54.77,7.06,5.17,47.71,199,16.20,EMERALD+,bottom,2026-10-09T10:09Z
Corki,Miss Fortune,60.49,11.8,9.91,48.69,162,16.20,EMERALD+,bottom,2026-10-09T10:09Z
Draven,Veigar,38.79,-6.96,-9.92,45.75,116,16.20,EMERALD+,bottom,2026-10-09T10:09Z
Draven,Swain,41.23,-3.37,-6.33,44.6,114,16.20,EMERALD+,bottom,2026-10-09T10:09Z
Draven,Syndra,44.06,-4.32,-7.29,48.38,143,16.20,EMERALD+,bottom,2026-10-09T10:09Z
Draven,Nilah,47.14,-0.43,-3.4,47.57,140,16.20,EMERALD+,bottom,2026-10-09T10:09Z
Draven,Jinx,47.86,1.61,-1.35,46.25,1333,16.20,EMERALD+,bottom,2026-10-09T10:09Z
Draven,Viktor,48.36,0.85,-2.12,47.51,244,16.20,EMERALD+,bottom,2026-10-09T10:09Z
Draven,Vayne,49.35,-0.01,-2.98,49.36,306,16.20,EMERALD+,bottom,2026-10-09T10:09Z
Draven,Miss Fortune,49.61,0.92,-2.05,48.69,508,16.20,EMERALD+,bottom,2026-10-09T10:09Z
Draven,Varus,50.2,-0.31,-3.28,50.51,249,16.20,EMERALD+,bottom,2026-10-09T10:09Z
Draven,Smolder,50.43,1.71,-1.26,48.72,579,16.20,EMERALD+,bottom,2026-10-09T10:09Z
Draven,Kog'Maw,50.6,4.46,1.5,46.14,249,16.20,EMERALD+,bottom,2026-10-09T10:09Z
Draven,Yasuo,50.87,4.13,1.16,46.74,173,16.20,EMERALD+,bottom,2026-10-09T10:09Z
Draven,Jhin,51.26,2.54,-0.43,48.72,1391,16.20,EMERALD+,bottom,2026-10-09T10:09Z
Draven,Ziggs,51.35,4.44,1.47,46.91,148,16.20,EMERALD+,bottom,2026-10-09T10:09Z
Draven,Zeri,51.7,3.49,0.52,48.21,383,16.20,EMERALD+,bottom,2026-10-09T10:09Z
Draven,Kai'Sa,52.08,3.17,0.2,48.91,1415,16.20,EMERALD+,bottom,2026-10-09T10:09Z
Draven,Kalista,52.16,2.18,-0.79,49.98,324,16.20,EMERALD+,bottom,2026-10-09T10:09Z
Draven,Caitlyn,52.44,3.36,0.39,49.08,1354,16.20,EMERALD+,bottom,2026-10-09T10:09Z
Draven,Ashe,52.64,3.25,0.28,49.39,454,16.20,EMERALD+,bottom,2026-10-09T10:09Z
Draven,Lucian,52.79,3.22,0.25,49.57,788,16.20,EMERALD+,bottom,2026-10-09T10:09Z
Draven,Xayah,52.91,6.06,3.09,46.85,378,16.20,EMERALD+,bottom,2026-10-09T10:09Z
Draven,Twitch,53.02,5.31,2.34,47.71,513,16.20,EMERALD+,bottom,2026-10-09T10:09Z
Draven,Sivir,53.05,4.92,1.95,48.13,328,16.20,EMERALD+,bottom,2026-10-09T10:09Z
Draven,Aphelios,53.24,4.48,1.51,48.76,710,16.20,EMERALD+,bottom,2026-10-09T10:09Z
Draven,Tristana,53.8,6.5,3.53,47.3,907,16.20,EMERALD+,bottom,2026-10-09T10:09Z
Draven,Yunara,54.1,4.55,1.58,49.55,915,16.20,EMERALD+,bottom,2026-10-09T10:09Z
Draven,Ezreal,54.55,2.31,-0.65,52.24,1034,16.20,EMERALD+,bottom,2026-10-09T10:09Z
Draven,Samira,55.23,6.19,3.22,49.04,344,16.20,EMERALD+,bottom,2026-10-09T10:09Z
Draven,Corki,59.72,10.15,7.18,49.57,144,16.20,EMERALD+,bottom,2026-10-09T10:09Z
Ezreal,Swain,38.1,-6.5,-5.76,44.6,210,16.20,EMERALD+,bottom,2026-10-09T10:09Z
Ezreal,Katarina,39.77,-6.17,-5.41,45.94,171,16.20,EMERALD+,bottom,2026-10-09T10:09Z
Ezreal,Yasuo,42.35,-4.39,-3.63,46.74,503,16.20,EMERALD+,bottom,2026-10-09T10:09Z
Ezreal,Veigar,42.42,-3.33,-2.57,45.75,231,16.20,EMERALD+,bottom,2026-10-09T10:09Z
Ezreal,Lux,42.94,-3.62,-2.86,46.56,163,16.20,EMERALD+,bottom,2026-10-09T10:09Z
Ezreal,Hwei,43.3,-2.7,-1.94,46.0,194,16.20,EMERALD+,bottom,2026-10-09T10:09Z
Ezreal,Kog'Maw,43.7,-2.44,-1.68,46.14,373,16.20,EMERALD+,bottom,2026-10-09T10:09Z
Ezreal,Sivir,43.7,-4.43,-3.66,48.13,1087,16.20,EMERALD+,bottom,2026-10-09T10:09Z
Ezreal,Kalista,45.51,-4.47,-3.69,49.98,846,16.20,EMERALD+,bottom,2026-10-09T10:09Z
Ezreal,Samira,45.59,-3.45,-2.67,49.04,805,16.20,EMERALD+,bottom,2026-10-09T10:09Z
Ezreal,Seraphine,46.36,-1.71,-0.94,48.07,110,16.20,EMERALD+,bottom,2026-10-09T10:09Z
Ezreal,Tristana,46.38,-0.92,-0.15,47.3,2279,16.20,EMERALD+,bottom,2026-10-09T10:09Z
Ezreal,Zeri,46.49,-1.72,-0.95,48.21,813,16.20,EMERALD+,bottom,2026-10-09T10:09Z
Ezreal,Brand,46.73,-1.52,-0.75,48.25,107,16.20,EMERALD+,bottom,2026-10-09T10:09Z
Ezreal,Draven,46.76,-1.73,-0.96,48.49,1033,16.20,EMERALD+,bottom,2026-10-09T10:09Z
Ezreal,Kai'Sa,46.77,-2.14,-1.36,48.91,5771,16.20,EMERALD+,bottom,2026-10-09T10:09Z
Ezreal,Mel,47.4,-3.13,-2.35,50.53,192,16.20,EMERALD+,bottom,2026-10-09T10:09Z
Ezreal,Jinx,47.47,1.22,1.98,46.25,3322,16.20,EMERALD+,bottom,2026-10-09T10:09Z
Ezreal,Jhin,47.52,-1.2,-0.42,48.72,4550,16.20,EMERALD+,bottom,2026-10-09T10:09Z
Ezreal,Vayne,47.68,-1.68,-0.9,49.36,753,16.20,EMERALD+,bottom,2026-10-09T10:09Z
Ezreal,Viktor,47.71,0.2,0.97,47.51,568,16.20,EMERALD+,bottom,2026-10-09T10:09Z
Ezreal,Ziggs,47.77,0.86,1.63,46.91,381,16.20,EMERALD+,bottom,2026-10-09T10:09Z
Ezreal,Yunara,47.84,-1.71,-0.93,49.55,2333,16.20,EMERALD+,bottom,2026-10-09T10:09Z
Ezreal,Twitch,47.98,0.27,1.04,47.71,967,16.20,EMERALD+,bottom,2026-10-09T10:09Z
Ezreal,Lucian,48.47,-1.1,-0.32,49.57,2228,16.20,EMERALD+,bottom,2026-10-09T10:09Z
Ezreal,Xayah,48.49,1.64,2.4,46.85,1027,16.20,EMERALD+,bottom,2026-10-09T10:09Z
Ezreal,Syndra,48.59,0.21,0.98,48.38,249,16.20,EMERALD+,bottom,2026-10-09T10:09Z
Ezreal,Smolder,48.6,-0.12,0.66,48.72,1218,16.20,EMERALD+,bottom,2026-10-09T10:09Z
Ezreal,Nilah,48.83,1.26,2.03,47.57,213,16.20,EMERALD+,bottom,2026-10-09T10:09Z
Ezreal,Varus,48.84,-1.67,-0.89,50.51,606,16.20,EMERALD+,bottom,2026-10-09T10:09Z
Ezreal,Aphelios,49.15,0.39,1.17,48.76,1829,16.20,EMERALD+,bottom,2026-10-09T10:09Z
Ezreal,Caitlyn,50.55,1.47,2.25,49.08,4299,16.20,EMERALD+,bottom,2026-10-09T10:09Z
Ezreal,Miss Fortune,50.68,1.99,2.77,48.69,1182,16.20,EMERALD+,bottom,2026-10-09T10:09Z
Ezreal,Aurelion Sol,50.77,5.63,6.38,45.14,130,16.20,EMERALD+,bottom,2026-10-09T10:09Z
Ezreal,Corki,51.16,1.59,2.37,49.57,346,16.20,EMERALD+,bottom,2026-10-09T10:09Z
Ezreal,Ashe,51.59,2.2,2.98,49.39,1291,16.20,EMERALD+,bottom,2026-10-09T10:09Z
Ezreal,Xerath,51.71,5.43,6.19,46.28,205,16.20,EMERALD+,bottom,2026-10-09T10:09Z
Ezreal,Vladimir,57.86,10.22,10.99,47.64,140,16.20,EMERALD+,bottom,2026-10-09T10:09Z
Hwei,Jhin,47.8,-0.92,-6.39,48.72,318,16.20,EMERALD+,bottom,2026-10-09T10:09Z
Hwei,Yunara,50.93,1.38,-4.08,49.55,214,16.20,EMERALD+,bottom,2026-10-09T10:09Z
Hwei,Aphelios,51.63,2.87,-2.6,48.76,153,16.20,EMERALD+,bottom,2026-10-09T10:09Z
Hwei,Kai'Sa,52.38,3.47,-2.0,48.91,273,16.20,EMERALD+,bottom,2026-10-09T10:09Z
Hwei,Jinx,53.17,6.92,1.46,46.25,284,16.20,EMERALD+,bottom,2026-10-09T10:09Z
Hwei,Smolder,54.69,5.97,0.5,48.72,128,16.20,EMERALD+,bottom,2026-10-09T10:09Z
Hwei,Lucian,55.84,6.27,0.81,49.57,154,16.20,EMERALD+,bottom,2026-10-09T10:09Z
Hwei,Caitlyn,58.86,9.78,4.32,49.08,316,16.20,EMERALD+,bottom,2026-10-09T10:09Z
Hwei,Ezreal,59.18,6.94,1.5,52.24,196,16.20,EMERALD+,bottom,2026-10-09T10:09Z
Hwei,Tristana,60.13,12.83,7.36,47.3,158,16.20,EMERALD+,bottom,2026-10-09T10:09Z
Jhin,Aurelion Sol,40.38,-4.76,-7.49,45.14,213,16.20,EMERALD+,bottom,2026-10-09T10:09Z
Jhin,Kog'Maw,45.23,-0.91,-3.64,46.14,681,16.20,EMERALD+,bottom,2026-10-09T10:09Z
Jhin,Xerath,46.87,0.59,-2.15,46.28,335,16.20,EMERALD+,bottom,2026-10-09T10:09Z
Jhin,Karthus,47.03,0.2,-2.54,46.83,185,16.20,EMERALD+,bottom,2026-10-09T10:09Z
Jhin,Yasuo,47.52,0.78,-1.96,46.74,745,16.20,EMERALD+,bottom,2026-10-09T10:09Z
Jhin,Swain,47.65,3.05,0.32,44.6,361,16.20,EMERALD+,bottom,2026-10-09T10:09Z
Jhin,Vel'Koz,49.1,2.99,0.26,46.11,167,16.20,EMERALD+,bottom,2026-10-09T10:09Z
Jhin,Xayah,49.18,2.33,-0.41,46.85,1456,16.20,EMERALD+,bottom,2026-10-09T10:09Z
Jhin,Tristana,49.26,1.96,-0.78,47.3,3938,16.20,EMERALD+,bottom,2026-10-09T10:09Z
Jhin,Kai'Sa,49.58,0.67,-2.07,48.91,7461,16.20,EMERALD+,bottom,2026-10-09T10:09Z
Jhin,Sivir,49.75,1.62,-1.12,48.13,1393,16.20,EMERALD+,bottom,2026-10-09T10:09Z
Jhin,Twitch,50.0,2.29,-0.45,47.71,1736,16.20,EMERALD+,bottom,2026-10-09T10:09Z
Jhin,Syndra,50.0,1.62,-1.12,48.38,322,16.20,EMERALD+,bottom,2026-10-09T10:09Z
Jhin,Jinx,50.08,3.83,1.09,46.25,5679,16.20,EMERALD+,bottom,2026-10-09T10:09Z
Jhin,Samira,50.09,1.05,-1.69,49.04,1128,16.20,EMERALD+,bottom,2026-10-09T10:09Z
Jhin,Zeri,50.24,2.03,-0.71,48.21,1471,16.20,EMERALD+,bottom,2026-10-09T10:09Z
Jhin,Aphelios,50.51,1.75,-0.99,48.76,3128,16.20,EMERALD+,bottom,2026-10-09T10:09Z
Jhin,Vladimir,50.57,2.93,0.19,47.64,174,16.20,EMERALD+,bottom,2026-10-09T10:09Z
Jhin,Yunara,50.97,1.42,-1.32,49.55,3779,16.20,EMERALD+,bottom,2026-10-09T10:09Z
Jhin,Nilah,51.11,3.54,0.8,47.57,270,16.20,EMERALD+,bottom,2026-10-09T10:09Z
Jhin,Smolder,51.23,2.51,-0.23,48.72,2243,16.20,EMERALD+,bottom,2026-10-09T10:09Z
Jhin,Lux,51.34,4.78,2.04,46.56,224,16.20,EMERALD+,bottom,2026-10-09T10:09Z
Jhin,Viktor,51.62,4.11,1.37,47.51,924,16.20,EMERALD+,bottom,2026-10-09T10:09Z
Jhin,Lucian,51.65,2.08,-0.66,49.57,3266,16.20,EMERALD+,bottom,2026-10-09T10:09Z
Jhin,Draven,51.72,3.23,0.49,48.49,1427,16.20,EMERALD+,bottom,2026-10-09T10:09Z
Jhin,Veigar,51.74,5.99,3.26,45.75,373,16.20,EMERALD+,bottom,2026-10-09T10:09Z
Jhin,Ashe,51.92,2.53,-0.21,49.39,2209,16.20,EMERALD+,bottom,2026-10-09T10:09Z
Jhin,Vayne,51.95,2.59,-0.15,49.36,1205,16.20,EMERALD+,bottom,2026-10-09T10:09Z
Jhin,Kalista,52.13,2.15,-0.59,49.98,1245,16.20,EMERALD+,bottom,2026-10-09T10:09Z
Jhin,Seraphine,52.51,4.44,1.7,48.07,179,16.20,EMERALD+,bottom,2026-10-09T10:09Z
Jhin,Mel,52.79,2.26,-0.48,50.53,233,16.20,EMERALD+,bottom,2026-10-09T10:09Z
Jhin,Cassiopeia,53.0,3.84,1.1,49.16,100,16.20,EMERALD+,bottom,2026-10-09T10:09Z
Jhin,Miss Fortune,53.05,4.36,1.62,48.69,2100,16.20,EMERALD+,bottom,2026-10-09T10:09Z
Jhin,Caitlyn,53.31,4.23,1.49,49.08,6972,16.20,EMERALD+,bottom,2026-10-09T10:09Z
Jhin,Katarina,53.49,7.55,4.82,45.94,301,16.20,EMERALD+,bottom,2026-10-09T10:09Z
Jhin,Ziggs,53.86,6.95,4.21,46.91,570,16.20,EMERALD+,bottom,2026-10-09T10:09Z
Jhin,Hwei,53.94,7.94,5.21,46.0,317,16.20,EMERALD+,bottom,2026-10-09T10:09Z
Jhin,Varus,55.59,5.08,2.34,50.51,948,16.20,EMERALD+,bottom,2026-10-09T10:09Z
Jhin,Ezreal,55.74,3.5,0.76,52.24,4596,16.20,EMERALD+,bottom,2026-10-09T10:09Z
Jhin,Senna,55.91,7.43,4.69,48.48,127,16.20,EMERALD+,bottom,2026-10-09T10:09Z
Jhin,Corki,56.11,6.54,3.8,49.57,597,16.20,EMERALD+,bottom,2026-10-09T10:09Z
Jhin,Brand,56.59,8.34,5.6,48.25,182,16.20,EMERALD+,bottom,2026-10-09T10:09Z
Jinx,Swain,43.58,-1.02,-6.22,44.6,335,16.20,EMERALD+,bottom,2026-10-09T10:09Z
Jinx,Xerath,45.8,-0.48,-5.69,46.28,262,16.20,EMERALD+,bottom,2026-10-09T10:09Z
Jinx,Lux,46.08,-0.48,-5.69,46.56,204,16.20,EMERALD+,bottom,2026-10-09T10:09Z
Jinx,Katarina,46.36,0.42,-4.79,45.94,302,16.20,EMERALD+,bottom,2026-10-09T10:09Z
Jinx,Aurelion Sol,47.12,1.98,-3.22,45.14,208,16.20,EMERALD+,bottom,2026-10-09T10:09Z
Jinx,Vel'Koz,48.7,2.59,-2.62,46.11,154,16.20,EMERALD+,bottom,2026-10-09T10:09Z
Jinx,Mel,49.18,-1.35,-6.56,50.53,244,16.20,EMERALD+,bottom,2026-10-09T10:09Z
Jinx,Ziggs,49.78,2.87,-2.34,46.91,464,16.20,EMERALD+,bottom,2026-10-09T10:09Z
Jinx,Hwei,50.17,4.17,-1.04,46.0,287,16.20,EMERALD+,bottom,2026-10-09T10:09Z
Jinx,Veigar,50.28,4.53,-0.68,45.75,362,16.20,EMERALD+,bottom,2026-10-09T10:09Z
Jinx,Twitch,50.36,2.65,-2.57,47.71,2335,16.20,EMERALD+,bottom,2026-10-09T10:09Z
Jinx,Seraphine,50.62,2.55,-2.67,48.07,162,16.20,EMERALD+,bottom,2026-10-09T10:09Z
Jinx,Vladimir,51.35,3.71,-1.5,47.64,148,16.20,EMERALD+,bottom,2026-10-09T10:09Z
Jinx,Syndra,51.46,3.08,-2.14,48.38,274,16.20,EMERALD+,bottom,2026-10-09T10:09Z
Jinx,Tristana,51.7,4.4,-0.81,47.3,3843,16.20,EMERALD+,bottom,2026-10-09T10:09Z
Jinx,Xayah,51.93,5.08,-0.13,46.85,1714,16.20,EMERALD+,bottom,2026-10-09T10:09Z
Jinx,Lucian,51.97,2.4,-2.81,49.57,2861,16.20,EMERALD+,bottom,2026-10-09T10:09Z
Jinx,Viktor,52.02,4.51,-0.7,47.51,815,16.20,EMERALD+,bottom,2026-10-09T10:09Z
Jinx,Yasuo,52.14,5.4,0.19,46.74,677,16.20,EMERALD+,bottom,2026-10-09T10:09Z
Jinx,Kog'Maw,52.43,6.29,1.08,46.14,742,16.20,EMERALD+,bottom,2026-10-09T10:09Z
Jinx,Karthus,52.5,5.67,0.46,46.83,160,16.20,EMERALD+,bottom,2026-10-09T10:09Z
Jinx,Vayne,53.38,4.02,-1.19,49.36,1257,16.20,EMERALD+,bottom,2026-10-09T10:09Z
Jinx,Jhin,53.4,4.68,-0.53,48.72,5728,16.20,EMERALD+,bottom,2026-10-09T10:09Z
Jinx,Zeri,53.42,5.21,-0.01,48.21,1520,16.20,EMERALD+,bottom,2026-10-09T10:09Z
Jinx,Sivir,53.45,5.32,0.1,48.13,1289,16.20,EMERALD+,bottom,2026-10-09T10:09Z
Jinx,Ashe,53.92,4.53,-0.68,49.39,2166,16.20,EMERALD+,bottom,2026-10-09T10:09Z
Jinx,Aphelios,53.97,5.21,-0.0,48.76,3763,16.20,EMERALD+,bottom,2026-10-09T10:09Z
Jinx,Miss Fortune,54.18,5.49,0.28,48.69,1988,16.20,EMERALD+,bottom,2026-10-09T10:09Z
Jinx,Kai'Sa,55.0,6.09,0.88,48.91,6394,16.20,EMERALD+,bottom,2026-10-09T10:09Z
Jinx,Caitlyn,55.06,5.98,0.77,49.08,6270,16.20,EMERALD+,bottom,2026-10-09T10:09Z
Jinx,Yunara,55.11,5.56,0.35,49.55,4493,16.20,EMERALD+,bottom,2026-10-09T10:09Z
Jinx,Ezreal,55.11,2.87,-2.32,52.24,3388,16.20,EMERALD+,bottom,2026-10-09T10:09Z
Jinx,Smolder,55.42,6.7,1.49,48.72,2434,16.20,EMERALD+,bottom,2026-10-09T10:09Z
Jinx,Corki,55.53,5.96,0.75,49.57,470,16.20,EMERALD+,bottom,2026-10-09T10:09Z
Jinx,Draven,55.68,7.19,1.97,48.49,1417,16.20,EMERALD+,bottom,2026-10-09T10:09Z
Jinx,Nilah,55.93,8.36,3.15,47.57,329,16.20,EMERALD+,bottom,2026-10-09T10:09Z
Jinx,Senna,56.69,8.21,2.99,48.48,127,16.20,EMERALD+,bottom,2026-10-09T10:09Z
Jinx,Samira,57.43,8.39,3.18,49.04,1191,16.20,EMERALD+,bottom,2026-10-09T10:09Z
Jinx,Kalista,57.74,7.76,2.55,49.98,1079,16.20,EMERALD+,bottom,2026-10-09T10:09Z
Jinx,Varus,58.08,7.57,2.36,50.51,866,16.20,EMERALD+,bottom,2026-10-09T10:09Z
Jinx,Brand,60.25,12.0,6.78,48.25,161,16.20,EMERALD+,bottom,2026-10-09T10:09Z
Kai'Sa,Xayah,46.11,-0.74,-3.29,46.85,3442,16.20,EMERALD+,bottom,2026-10-09T10:09Z
Kai'Sa,Karthus,46.47,-0.36,-2.91,46.83,170,16.20,EMERALD+,bottom,2026-10-09T10:09Z
Kai'Sa,Lux,46.55,-0.01,-2.56,46.56,232,16.20,EMERALD+,bottom,2026-10-09T10:09Z
Kai'Sa,Swain,46.87,2.27,-0.27,44.6,367,16.20,EMERALD+,bottom,2026-10-09T10:09Z
Kai'Sa,Jinx,47.39,1.14,-1.41,46.25,6390,16.20,EMERALD+,bottom,2026-10-09T10:09Z
Kai'Sa,Xerath,47.55,1.27,-1.28,46.28,265,16.20,EMERALD+,bottom,2026-10-09T10:09Z
Kai'Sa,Senna,47.89,-0.59,-3.14,48.48,142,16.20,EMERALD+,bottom,2026-10-09T10:09Z
Kai'Sa,Yasuo,47.97,1.23,-1.32,46.74,740,16.20,EMERALD+,bottom,2026-10-09T10:09Z
Kai'Sa,Aurelion Sol,48.21,3.07,0.53,45.14,224,16.20,EMERALD+,bottom,2026-10-09T10:09Z
Kai'Sa,Aphelios,48.25,-0.51,-3.06,48.76,3362,16.20,EMERALD+,bottom,2026-10-09T10:09Z
Kai'Sa,Zeri,48.3,0.09,-2.46,48.21,1828,16.20,EMERALD+,bottom,2026-10-09T10:09Z
Kai'Sa,Samira,48.41,-0.63,-3.18,49.04,1481,16.20,EMERALD+,bottom,2026-10-09T10:09Z
Kai'Sa,Veigar,49.4,3.65,1.11,45.75,336,16.20,EMERALD+,bottom,2026-10-09T10:09Z
Kai'Sa,Syndra,49.42,1.04,-1.51,48.38,346,16.20,EMERALD+,bottom,2026-10-09T10:09Z
Kai'Sa,Hwei,49.46,3.46,0.92,46.0,277,16.20,EMERALD+,bottom,2026-10-09T10:09Z
Kai'Sa,Sivir,49.63,1.5,-1.05,48.13,1600,16.20,EMERALD+,bottom,2026-10-09T10:09Z
Kai'Sa,Kog'Maw,49.73,3.59,1.04,46.14,740,16.20,EMERALD+,bottom,2026-10-09T10:09Z
Kai'Sa,Yunara,49.9,0.35,-2.2,49.55,4892,16.20,EMERALD+,bottom,2026-10-09T10:09Z
Kai'Sa,Corki,50.13,0.56,-1.99,49.57,752,16.20,EMERALD+,bottom,2026-10-09T10:09Z
Kai'Sa,Nilah,50.23,2.66,0.11,47.57,442,16.20,EMERALD+,bottom,2026-10-09T10:09Z
Kai'Sa,Kalista,50.4,0.42,-2.13,49.98,1502,16.20,EMERALD+,bottom,2026-10-09T10:09Z
Kai'Sa,Draven,50.49,2.0,-0.55,48.49,1432,16.20,EMERALD+,bottom,2026-10-09T10:09Z
Kai'Sa,Katarina,50.89,4.95,2.41,45.94,338,16.20,EMERALD+,bottom,2026-10-09T10:09Z
Kai'Sa,Vel'Koz,50.91,4.8,2.25,46.11,165,16.20,EMERALD+,bottom,2026-10-09T10:09Z
Kai'Sa,Smolder,50.96,2.24,-0.31,48.72,2345,16.20,EMERALD+,bottom,2026-10-09T10:09Z
Kai'Sa,Seraphine,51.43,3.36,0.81,48.07,140,16.20,EMERALD+,bottom,2026-10-09T10:09Z
Kai'Sa,Tristana,51.48,4.18,1.63,47.3,4295,16.20,EMERALD+,bottom,2026-10-09T10:09Z
Kai'Sa,Ziggs,51.49,4.58,2.03,46.91,538,16.20,EMERALD+,bottom,2026-10-09T10:09Z
Kai'Sa,Twitch,51.68,3.97,1.42,47.71,1873,16.20,EMERALD+,bottom,2026-10-09T10:09Z
Kai'Sa,Caitlyn,51.87,2.79,0.24,49.08,5084,16.20,EMERALD+,bottom,2026-10-09T10:09Z
Kai'Sa,Vladimir,51.91,4.27,1.72,47.64,183,16.20,EMERALD+,bottom,2026-10-09T10:09Z
Kai'Sa,Ashe,52.37,2.98,0.43,49.39,2064,16.20,EMERALD+,bottom,2026-10-09T10:09Z
Kai'Sa,Miss Fortune,52.8,4.11,1.56,48.69,1998,16.20,EMERALD+,bottom,2026-10-09T10:09Z
Kai'Sa,Lucian,52.82,3.25,0.7,49.57,4078,16.20,EMERALD+,bottom,2026-10-09T10:09Z
Kai'Sa,Jhin,53.17,4.45,1.9,48.72,7465,16.20,EMERALD+,bottom,2026-10-09T10:09Z
Kai'Sa,Vayne,53.25,3.89,1.34,49.36,1615,16.20,EMERALD+,bottom,2026-10-09T10:09Z
Kai'Sa,Varus,53.4,2.89,0.34,50.51,1028,16.20,EMERALD+,bottom,2026-10-09T10:09Z
Kai'Sa,Brand,55.19,6.94,4.39,48.25,154,16.20,EMERALD+,bottom,2026-10-09T10:09Z
Kai'Sa,Viktor,55.27,7.76,5.21,47.51,901,16.20,EMERALD+,bottom,2026-10-09T10:09Z
Kai'Sa,Ezreal,56.03,3.79,1.24,52.24,5822,16.20,EMERALD+,bottom,2026-10-09T10:09Z
Kai'Sa,Mel,61.26,10.73,8.18,50.53,222,16.20,EMERALD+,bottom,2026-10-09T10:09Z
Kai'Sa,Cassiopeia,61.47,12.31,9.76,49.16,109,16.20,EMERALD+,bottom,2026-10-09T10:09Z
Kalista,Xayah,44.64,-2.21,-3.69,46.85,401,16.20,EMERALD+,bottom,2026-10-09T10:09Z
Kalista,Jinx,44.67,-1.58,-3.06,46.25,1061,16.20,EMERALD+,bottom,2026-10-09T10:09Z
Kalista,Yunara,46.67,-2.88,-4.36,49.55,825,16.20,EMERALD+,bottom,2026-10-09T10:09Z
Kalista,Twitch,47.29,-0.42,-1.9,47.71,332,16.20,EMERALD+,bottom,2026-10-09T10:09Z
Kalista,Tristana,47.5,0.2,-1.28,47.3,859,16.20,EMERALD+,bottom,2026-10-09T10:09Z
Kalista,Miss Fortune,48.91,0.22,-1.26,48.69,366,16.20,EMERALD+,bottom,2026-10-09T10:09Z
Kalista,Sivir,49.01,0.88,-0.6,48.13,304,16.20,EMERALD+,bottom,2026-10-09T10:09Z
Kalista,Samira,49.45,0.41,-1.07,49.04,273,16.20,EMERALD+,bottom,2026-10-09T10:09Z
Kalista,Draven,49.54,1.05,-0.43,48.49,323,16.20,EMERALD+,bottom,2026-10-09T10:09Z
Kalista,Kog'Maw,49.7,3.56,2.08,46.14,165,16.20,EMERALD+,bottom,2026-10-09T10:09Z
Kalista,Zeri,50.0,1.79,0.31,48.21,380,16.20,EMERALD+,bottom,2026-10-09T10:09Z
Kalista,Jhin,50.41,1.69,0.21,48.72,1234,16.20,EMERALD+,bottom,2026-10-09T10:09Z
Kalista,Aphelios,50.7,1.94,0.46,48.76,572,16.20,EMERALD+,bottom,2026-10-09T10:09Z
Kalista,Vayne,50.99,1.63,0.15,49.36,202,16.20,EMERALD+,bottom,2026-10-09T10:09Z
Kalista,Kai'Sa,51.56,2.65,1.17,48.91,1503,16.20,EMERALD+,bottom,2026-10-09T10:09Z
Kalista,Ashe,51.94,2.55,1.07,49.39,516,16.20,EMERALD+,bottom,2026-10-09T10:09Z
Kalista,Caitlyn,52.02,2.94,1.46,49.08,915,16.20,EMERALD+,bottom,2026-10-09T10:09Z
Kalista,Lucian,52.35,2.78,1.3,49.57,682,16.20,EMERALD+,bottom,2026-10-09T10:09Z
Kalista,Varus,52.5,1.99,0.51,50.51,200,16.20,EMERALD+,bottom,2026-10-09T10:09Z
Kalista,Smolder,52.58,3.86,2.38,48.72,407,16.20,EMERALD+,bottom,2026-10-09T10:09Z
Kalista,Yasuo,53.19,6.45,4.97,46.74,141,16.20,EMERALD+,bottom,2026-10-09T10:09Z
Kalista,Viktor,56.13,8.62,7.14,47.51,155,16.20,EMERALD+,bottom,2026-10-09T10:09Z
Kalista,Ezreal,56.39,4.15,2.67,52.24,853,16.20,EMERALD+,bottom,2026-10-09T10:09Z
Kalista,Corki,57.23,7.66,6.18,49.57,173,16.20,EMERALD+,bottom,2026-10-09T10:09Z
Karthus,Caitlyn,48.91,-0.17,-4.8,49.08,137,16.20,EMERALD+,bottom,2026-10-09T10:09Z
Karthus,Yunara,49.17,-0.38,-5.01,49.55,120,16.20,EMERALD+,bottom,2026-10-09T10:09Z
Karthus,Jinx,50.63,4.38,-0.25,46.25,160,16.20,EMERALD+,bottom,2026-10-09T10:09Z
Karthus,Jhin,53.51,4.79,0.16,48.72,185,16.20,EMERALD+,bottom,2026-10-09T10:09Z
Karthus,Kai'Sa,54.71,5.8,1.17,48.91,170,16.20,EMERALD+,bottom,2026-10-09T10:09Z
Katarina,Tristana,38.05,-9.25,-14.78,47.3,205,16.20,EMERALD+,bottom,2026-10-09T10:09Z
Katarina,Xayah,45.53,-1.32,-6.84,46.85,123,16.20,EMERALD+,bottom,2026-10-09T10:09Z
Katarina,Jhin,49.51,0.79,-4.74,48.72,307,16.20,EMERALD+,bottom,2026-10-09T10:09Z
Katarina,Smolder,50.0,1.28,-4.25,48.72,122,16.20,EMERALD+,bottom,2026-10-09T10:09Z
Katarina,Kai'Sa,51.52,2.61,-2.92,48.91,330,16.20,EMERALD+,bottom,2026-10-09T10:09Z
Katarina,Aphelios,53.02,4.26,-1.27,48.76,149,16.20,EMERALD+,bottom,2026-10-09T10:09Z
Katarina,Lucian,54.42,4.85,-0.67,49.57,147,16.20,EMERALD+,bottom,2026-10-09T10:09Z
Katarina,Yunara,55.93,6.38,0.86,49.55,177,16.20,EMERALD+,bottom,2026-10-09T10:09Z
Katarina,Jinx,56.4,10.15,4.63,46.25,289,16.20,EMERALD+,bottom,2026-10-09T10:09Z
Katarina,Caitlyn,59.35,10.27,4.75,49.08,278,16.20,EMERALD+,bottom,2026-10-09T10:09Z
Katarina,Miss Fortune,60.34,11.65,6.12,48.69,116,16.20,EMERALD+,bottom,2026-10-09T10:09Z
Katarina,Twitch,61.72,14.01,8.48,47.71,128,16.20,EMERALD+,bottom,2026-10-09T10:09Z
Katarina,Ezreal,64.25,12.01,6.51,52.24,179,16.20,EMERALD+,bottom,2026-10-09T10:09Z
Kog'Maw,Viktor,49.07,1.56,-3.77,47.51,108,16.20,EMERALD+,bottom,2026-10-09T10:09Z
Kog'Maw,Miss Fortune,49.19,0.5,-4.83,48.69,246,16.20,EMERALD+,bottom,2026-10-09T10:09Z
Kog'Maw,Zeri,49.29,1.08,-4.25,48.21,211,16.20,EMERALD+,bottom,2026-10-09T10:09Z
Kog'Maw,Jinx,49.6,3.35,-1.97,46.25,754,16.20,EMERALD+,bottom,2026-10-09T10:09Z
Kog'Maw,Ashe,50.45,1.06,-4.26,49.39,224,16.20,EMERALD+,bottom,2026-10-09T10:09Z
Kog'Maw,Twitch,50.57,2.86,-2.47,47.71,261,16.20,EMERALD+,bottom,2026-10-09T10:09Z
Kog'Maw,Aphelios,50.62,1.86,-3.47,48.76,405,16.20,EMERALD+,bottom,2026-10-09T10:09Z
Kog'Maw,Xayah,51.63,4.78,-0.54,46.85,184,16.20,EMERALD+,bottom,2026-10-09T10:09Z
Kog'Maw,Tristana,52.02,4.72,-0.6,47.3,471,16.20,EMERALD+,bottom,2026-10-09T10:09Z
Kog'Maw,Kalista,52.12,2.14,-3.18,49.98,165,16.20,EMERALD+,bottom,2026-10-09T10:09Z
Kog'Maw,Draven,52.69,4.2,-1.13,48.49,260,16.20,EMERALD+,bottom,2026-10-09T10:09Z
Kog'Maw,Kai'Sa,53.24,4.33,-0.99,48.91,740,16.20,EMERALD+,bottom,2026-10-09T10:09Z
Kog'Maw,Varus,54.13,3.62,-1.7,50.51,109,16.20,EMERALD+,bottom,2026-10-09T10:09Z
Kog'Maw,Lucian,54.21,4.64,-0.68,49.57,356,16.20,EMERALD+,bottom,2026-10-09T10:09Z
Kog'Maw,Vayne,54.89,5.53,0.21,49.36,133,16.20,EMERALD+,bottom,2026-10-09T10:09Z
Kog'Maw,Caitlyn,55.39,6.31,0.99,49.08,603,16.20,EMERALD+,bottom,2026-10-09T10:09Z
Kog'Maw,Smolder,56.23,7.51,2.18,48.72,297,16.20,EMERALD+,bottom,2026-10-09T10:09Z
Kog'Maw,Samira,57.67,8.63,3.31,49.04,163,16.20,EMERALD+,bottom,2026-10-09T10:09Z
Kog'Maw,Jhin,58.16,9.44,4.11,48.72,674,16.20,EMERALD+,bottom,2026-10-09T10:09Z
Kog'Maw,Yunara,59.06,9.51,4.19,49.55,552,16.20,EMERALD+,bottom,2026-10-09T10:09Z
Kog'Maw,Ezreal,59.59,7.35,2.05,52.24,386,16.20,EMERALD+,bottom,2026-10-09T10:09Z
Kog'Maw,Sivir,59.86,11.73,6.4,48.13,147,16.20,EMERALD+,bottom,2026-10-09T10:09Z
Lucian,Lux,40.17,-6.39,-8.28,46.56,117,16.20,EMERALD+,bottom,2026-10-09T10:09Z
Lucian,Veigar,43.63,-2.12,-4.01,45.75,204,16.20,EMERALD+,bottom,2026-10-09T10:09Z
Lucian,Xayah,46.8,-0.05,-1.94,46.85,985,16.20,EMERALD+,bottom,2026-10-09T10:09Z
Lucian,Kog'Maw,47.47,1.33,-0.56,46.14,356,16.20,EMERALD+,bottom,2026-10-09T10:09Z
Lucian,Katarina,47.48,1.54,-0.35,45.94,139,16.20,EMERALD+,bottom,2026-10-09T10:09Z
Lucian,Mel,47.83,-2.7,-4.59,50.53,115,16.20,EMERALD+,bottom,2026-10-09T10:09Z
Lucian,Yasuo,47.87,1.13,-0.76,46.74,422,16.20,EMERALD+,bottom,2026-10-09T10:09Z
Lucian,Hwei,48.1,2.1,0.21,46.0,158,16.20,EMERALD+,bottom,2026-10-09T10:09Z
Lucian,Draven,48.67,0.18,-1.71,48.49,787,16.20,EMERALD+,bottom,2026-10-09T10:09Z
Lucian,Corki,48.95,-0.62,-2.51,49.57,382,16.20,EMERALD+,bottom,2026-10-09T10:09Z
Lucian,Tristana,49.15,1.85,-0.04,47.3,1951,16.20,EMERALD+,bottom,2026-10-09T10:09Z
Lucian,Kai'Sa,49.45,0.54,-1.35,48.91,4024,16.20,EMERALD+,bottom,2026-10-09T10:09Z
Lucian,Samira,49.71,0.67,-1.22,49.04,696,16.20,EMERALD+,bottom,2026-10-09T10:09Z
Lucian,Smolder,49.77,1.05,-0.84,48.72,1091,16.20,EMERALD+,bottom,2026-10-09T10:09Z
Lucian,Caitlyn,49.81,0.73,-1.16,49.08,2628,16.20,EMERALD+,bottom,2026-10-09T10:09Z
Lucian,Ashe,49.84,0.45,-1.44,49.39,963,16.20,EMERALD+,bottom,2026-10-09T10:09Z
Lucian,Aphelios,50.0,1.24,-0.65,48.76,1494,16.20,EMERALD+,bottom,2026-10-09T10:09Z
Lucian,Kalista,50.0,0.02,-1.87,49.98,688,16.20,EMERALD+,bottom,2026-10-09T10:09Z
Lucian,Yunara,50.05,0.5,-1.39,49.55,2186,16.20,EMERALD+,bottom,2026-10-09T10:09Z
Lucian,Swain,50.27,5.67,3.78,44.6,183,16.20,EMERALD+,bottom,2026-10-09T10:09Z
Lucian,Viktor,50.48,2.97,1.08,47.51,418,16.20,EMERALD+,bottom,2026-10-09T10:09Z
Lucian,Jinx,51.15,4.9,3.01,46.25,2831,16.20,EMERALD+,bottom,2026-10-09T10:09Z
Lucian,Vayne,51.18,1.82,-0.07,49.36,637,16.20,EMERALD+,bottom,2026-10-09T10:09Z
Lucian,Jhin,51.23,2.51,0.62,48.72,3213,16.20,EMERALD+,bottom,2026-10-09T10:09Z
Lucian,Xerath,51.37,5.09,3.2,46.28,146,16.20,EMERALD+,bottom,2026-10-09T10:09Z
Lucian,Twitch,51.71,4.0,2.11,47.71,820,16.20,EMERALD+,bottom,2026-10-09T10:09Z
Lucian,Ziggs,52.13,5.22,3.33,46.91,211,16.20,EMERALD+,bottom,2026-10-09T10:09Z
Lucian,Varus,52.34,1.83,-0.06,50.51,512,16.20,EMERALD+,bottom,2026-10-09T10:09Z
Lucian,Miss Fortune,52.53,3.84,1.95,48.69,990,16.20,EMERALD+,bottom,2026-10-09T10:09Z
Lucian,Zeri,53.02,4.81,2.92,48.21,794,16.20,EMERALD+,bottom,2026-10-09T10:09Z
Lucian,Sivir,53.87,5.74,3.85,48.13,633,16.20,EMERALD+,bottom,2026-10-09T10:09Z
Lucian,Ezreal,54.57,2.33,0.44,52.24,2243,16.20,EMERALD+,bottom,2026-10-09T10:09Z
Lucian,Brand,54.81,6.56,4.67,48.25,104,16.20,EMERALD+,bottom,2026-10-09T10:09Z
Lucian,Nilah,56.81,9.24,7.35,47.57,213,16.20,EMERALD+,bottom,2026-10-09T10:09Z
Lucian,Syndra,63.7,15.32,13.43,48.38,135,16.20,EMERALD+,bottom,2026-10-09T10:09Z
Lux,Smolder,51.96,3.24,-1.66,48.72,102,16.20,EMERALD+,bottom,2026-10-09T10:09Z
Lux,Aphelios,52.29,3.53,-1.37,48.76,109,16.20,EMERALD+,bottom,2026-10-09T10:09Z
Lux,Kai'Sa,53.88,4.97,0.07,48.91,219,16.20,EMERALD+,bottom,2026-10-09T10:09Z
Lux,Jhin,53.92,5.2,0.3,48.72,217,16.20,EMERALD+,bottom,2026-10-09T10:09Z
Lux,Yunara,55.41,5.86,0.96,49.55,148,16.20,EMERALD+,bottom,2026-10-09T10:09Z
Lux,Tristana,55.56,8.26,3.36,47.3,126,16.20,EMERALD+,bottom,2026-10-09T10:09Z
Lux,Jinx,56.52,10.27,5.37,46.25,207,16.20,EMERALD+,bottom,2026-10-09T10:09Z
Lux,Ezreal,57.14,4.9,0.02,52.24,161,16.20,EMERALD+,bottom,2026-10-09T10:09Z
Lux,Caitlyn,57.51,8.43,3.53,49.08,233,16.20,EMERALD+,bottom,2026-10-09T10:09Z
Lux,Lucian,61.26,11.69,6.79,49.57,111,16.20,EMERALD+,bottom,2026-10-09T10:09Z
Mel,Yunara,37.7,-11.85,-12.78,49.55,122,16.20,EMERALD+,bottom,2026-10-09T10:09Z
Mel,Aphelios,39.6,-9.16,-10.09,48.76,101,16.20,EMERALD+,bottom,2026-10-09T10:09Z
Mel,Kai'Sa,43.89,-5.02,-5.95,48.91,221,16.20,EMERALD+,bottom,2026-10-09T10:09Z
Mel,Tristana,45.45,-1.85,-2.78,47.3,132,16.20,EMERALD+,bottom,2026-10-09T10:09Z
Mel,Smolder,49.5,0.78,-0.15,48.72,101,16.20,EMERALD+,bottom,2026-10-09T10:09Z
Mel,Jhin,50.0,1.28,0.35,48.72,250,16.20,EMERALD+,bottom,2026-10-09T10:09Z
Mel,Jinx,52.73,6.48,5.55,46.25,256,16.20,EMERALD+,bottom,2026-10-09T10:09Z
Mel,Ezreal,52.82,0.58,-0.35,52.24,195,16.20,EMERALD+,bottom,2026-10-09T10:09Z
Mel,Ashe,54.69,5.3,4.37,49.39,128,16.20,EMERALD+,bottom,2026-10-09T10:09Z
Mel,Caitlyn,54.77,5.69,4.76,49.08,325,16.20,EMERALD+,bottom,2026-10-09T10:09Z
Mel,Lucian,57.14,7.57,6.64,49.57,119,16.20,EMERALD+,bottom,2026-10-09T10:09Z
Miss Fortune,Ziggs,40.91,-6.0,-8.77,46.91,176,16.20,EMERALD+,bottom,2026-10-09T10:09Z
Miss Fortune,Katarina,41.75,-4.19,-6.95,45.94,103,16.20,EMERALD+,bottom,2026-10-09T10:09Z
Miss Fortune,Viktor,43.92,-3.59,-6.36,47.51,255,16.20,EMERALD+,bottom,2026-10-09T10:09Z
Miss Fortune,Corki,46.15,-3.42,-6.19,49.57,156,16.20,EMERALD+,bottom,2026-10-09T10:09Z
Miss Fortune,Yasuo,46.86,0.12,-2.65,46.74,207,16.20,EMERALD+,bottom,2026-10-09T10:09Z
Miss Fortune,Swain,47.17,2.57,-0.19,44.6,106,16.20,EMERALD+,bottom,2026-10-09T10:09Z
Miss Fortune,Xayah,49.82,2.97,0.2,46.85,548,16.20,EMERALD+,bottom,2026-10-09T10:09Z
Miss Fortune,Tristana,50.0,2.7,-0.07,47.3,1092,16.20,EMERALD+,bottom,2026-10-09T10:09Z
Miss Fortune,Zeri,50.24,2.03,-0.74,48.21,420,16.20,EMERALD+,bottom,2026-10-09T10:09Z
Miss Fortune,Jinx,50.43,4.18,1.41,46.25,1961,16.20,EMERALD+,bottom,2026-10-09T10:09Z
Miss Fortune,Sivir,50.66,2.53,-0.24,48.13,458,16.20,EMERALD+,bottom,2026-10-09T10:09Z
Miss Fortune,Yunara,50.75,1.2,-1.57,49.55,1129,16.20,EMERALD+,bottom,2026-10-09T10:09Z
Miss Fortune,Jhin,50.96,2.24,-0.53,48.72,2080,16.20,EMERALD+,bottom,2026-10-09T10:09Z
Miss Fortune,Kai'Sa,51.28,2.37,-0.4,48.91,2030,16.20,EMERALD+,bottom,2026-10-09T10:09Z
Miss Fortune,Smolder,51.36,2.64,-0.13,48.72,734,16.20,EMERALD+,bottom,2026-10-09T10:09Z
Miss Fortune,Lucian,51.46,1.89,-0.88,49.57,993,16.20,EMERALD+,bottom,2026-10-09T10:09Z
Miss Fortune,Varus,51.46,0.95,-1.82,50.51,274,16.20,EMERALD+,bottom,2026-10-09T10:09Z
Miss Fortune,Aphelios,51.96,3.2,0.43,48.76,945,16.20,EMERALD+,bottom,2026-10-09T10:09Z
Miss Fortune,Samira,52.04,3.0,0.23,49.04,417,16.20,EMERALD+,bottom,2026-10-09T10:09Z
Miss Fortune,Ezreal,52.58,0.34,-2.43,52.24,1183,16.20,EMERALD+,bottom,2026-10-09T10:09Z
Miss Fortune,Nilah,52.63,5.06,2.29,47.57,114,16.20,EMERALD+,bottom,2026-10-09T10:09Z
Miss Fortune,Twitch,52.94,5.23,2.46,47.71,612,16.20,EMERALD+,bottom,2026-10-09T10:09Z
Miss Fortune,Caitlyn,53.68,4.6,1.83,49.08,1794,16.20,EMERALD+,bottom,2026-10-09T10:09Z
Miss Fortune,Draven,53.97,5.48,2.71,48.49,517,16.20,EMERALD+,bottom,2026-10-09T10:09Z
Miss Fortune,Kalista,54.06,4.08,1.31,49.98,357,16.20,EMERALD+,bottom,2026-10-09T10:09Z
Miss Fortune,Ashe,54.3,4.91,2.14,49.39,604,16.20,EMERALD+,bottom,2026-10-09T10:09Z
Miss Fortune,Kog'Maw,55.51,9.37,6.61,46.14,236,16.20,EMERALD+,bottom,2026-10-09T10:09Z
Miss Fortune,Veigar,56.78,11.03,8.27,45.75,118,16.20,EMERALD+,bottom,2026-10-09T10:09Z
Miss Fortune,Vayne,56.92,7.56,4.79,49.36,448,16.20,EMERALD+,bottom,2026-10-09T10:09Z
Nilah,Xayah,38.84,-8.01,-11.9,46.85,121,16.20,EMERALD+,bottom,2026-10-09T10:09Z
Nilah,Smolder,45.7,-3.02,-6.91,48.72,151,16.20,EMERALD+,bottom,2026-10-09T10:09Z
Nilah,Lucian,46.08,-3.49,-7.38,49.57,204,16.20,EMERALD+,bottom,2026-10-09T10:09Z
Nilah,Jinx,46.23,-0.02,-3.91,46.25,318,16.20,EMERALD+,bottom,2026-10-09T10:09Z
Nilah,Samira,49.04,-0.0,-3.89,49.04,157,16.20,EMERALD+,bottom,2026-10-09T10:09Z
Nilah,Jhin,50.37,1.65,-2.24,48.72,270,16.20,EMERALD+,bottom,2026-10-09T10:09Z
Nilah,Kai'Sa,51.49,2.58,-1.31,48.91,437,16.20,EMERALD+,bottom,2026-10-09T10:09Z
Nilah,Miss Fortune,54.7,6.01,2.12,48.69,117,16.20,EMERALD+,bottom,2026-10-09T10:09Z
Nilah,Caitlyn,54.72,5.64,1.75,49.08,254,16.20,EMERALD+,bottom,2026-10-09T10:09Z
Nilah,Tristana,55.64,8.34,4.45,47.3,257,16.20,EMERALD+,bottom,2026-10-09T10:09Z
Nilah,Draven,55.64,7.15,3.26,48.49,133,16.20,EMERALD+,bottom,2026-10-09T10:09Z
Nilah,Twitch,55.73,8.02,4.13,47.71,192,16.20,EMERALD+,bottom,2026-10-09T10:09Z
Nilah,Ezreal,56.81,4.57,0.69,52.24,213,16.20,EMERALD+,bottom,2026-10-09T10:09Z
Nilah,Yunara,58.08,8.53,4.64,49.55,229,16.20,EMERALD+,bottom,2026-10-09T10:09Z
Nilah,Aphelios,60.11,11.35,7.46,48.76,178,16.20,EMERALD+,bottom,2026-10-09T10:09Z
Nilah,Zeri,60.48,12.27,8.38,48.21,124,16.20,EMERALD+,bottom,2026-10-09T10:09Z
Samira,Kog'Maw,40.0,-6.14,-8.56,46.14,165,16.20,EMERALD+,bottom,2026-10-09T10:09Z
Samira,Zeri,40.51,-7.7,-10.12,48.21,316,16.20,EMERALD+,bottom,2026-10-09T10:09Z
Samira,Viktor,41.07,-6.44,-8.86,47.51,168,16.20,EMERALD+,bottom,2026-10-09T10:09Z
Samira,Smolder,43.96,-4.76,-7.18,48.72,505,16.20,EMERALD+,bottom,2026-10-09T10:09Z
Samira,Sivir,46.88,-1.25,-3.67,48.13,337,16.20,EMERALD+,bottom,2026-10-09T10:09Z
Samira,Draven,47.13,-1.36,-3.78,48.49,331,16.20,EMERALD+,bottom,2026-10-09T10:09Z
Samira,Jinx,47.36,1.11,-1.31,46.25,1157,16.20,EMERALD+,bottom,2026-10-09T10:09Z
Samira,Yasuo,47.77,1.03,-1.39,46.74,157,16.20,EMERALD+,bottom,2026-10-09T10:09Z
Samira,Xayah,49.44,2.59,0.17,46.85,447,16.20,EMERALD+,bottom,2026-10-09T10:09Z
Samira,Varus,50.0,-0.51,-2.93,50.51,148,16.20,EMERALD+,bottom,2026-10-09T10:09Z
Samira,Tristana,50.13,2.83,0.41,47.3,746,16.20,EMERALD+,bottom,2026-10-09T10:09Z
Samira,Yunara,51.31,1.76,-0.66,49.55,764,16.20,EMERALD+,bottom,2026-10-09T10:09Z
Samira,Twitch,51.76,4.05,1.63,47.71,398,16.20,EMERALD+,bottom,2026-10-09T10:09Z
Samira,Kalista,52.29,2.31,-0.11,49.98,262,16.20,EMERALD+,bottom,2026-10-09T10:09Z
Samira,Vayne,52.39,3.03,0.61,49.36,376,16.20,EMERALD+,bottom,2026-10-09T10:09Z
Samira,Miss Fortune,52.67,3.98,1.56,48.69,393,16.20,EMERALD+,bottom,2026-10-09T10:09Z
Samira,Caitlyn,52.68,3.6,1.18,49.08,1027,16.20,EMERALD+,bottom,2026-10-09T10:09Z
Samira,Lucian,53.39,3.82,1.4,49.57,663,16.20,EMERALD+,bottom,2026-10-09T10:09Z
Samira,Nilah,53.53,5.96,3.54,47.57,170,16.20,EMERALD+,bottom,2026-10-09T10:09Z
Samira,Jhin,53.54,4.82,2.4,48.72,1117,16.20,EMERALD+,bottom,2026-10-09T10:09Z
Samira,Ziggs,54.05,7.14,4.72,46.91,111,16.20,EMERALD+,bottom,2026-10-09T10:09Z
Samira,Kai'Sa,54.12,5.21,2.79,48.91,1480,16.20,EMERALD+,bottom,2026-10-09T10:09Z
Samira,Aphelios,54.75,5.99,3.57,48.76,568,16.20,EMERALD+,bottom,2026-10-09T10:09Z
Samira,Corki,55.37,5.8,3.38,49.57,121,16.20,EMERALD+,bottom,2026-10-09T10:09Z
Samira,Ashe,55.75,6.36,3.94,49.39,409,16.20,EMERALD+,bottom,2026-10-09T10:09Z
Samira,Ezreal,57.18,4.94,2.52,52.24,787,16.20,EMERALD+,bottom,2026-10-09T10:09Z
Senna,Jhin,44.83,-3.89,-6.87,48.72,116,16.20,EMERALD+,bottom,2026-10-09T10:09Z
Senna,Caitlyn,45.45,-3.63,-6.61,49.08,121,16.20,EMERALD+,bottom,2026-10-09T10:09Z
Senna,Jinx,46.46,0.21,-2.76,46.25,127,16.20,EMERALD+,bottom,2026-10-09T10:09Z
Senna,Kai'Sa,53.96,5.05,2.07,48.91,139,16.20,EMERALD+,bottom,2026-10-09T10:09Z
Seraphine,Tristana,46.53,-0.77,-4.16,47.3,101,16.20,EMERALD+,bottom,2026-10-09T10:09Z
Seraphine,Kai'Sa,47.86,-1.05,-4.44,48.91,140,16.20,EMERALD+,bottom,2026-10-09T10:09Z
Seraphine,Jhin,49.15,0.43,-2.96,48.72,177,16.20,EMERALD+,bottom,2026-10-09T10:09Z
Seraphine,Jinx,53.09,6.84,3.46,46.25,162,16.20,EMERALD+,bottom,2026-10-09T10:09Z
Seraphine,Ezreal,54.39,2.15,-1.23,52.24,114,16.20,EMERALD+,bottom,2026-10-09T10:09Z
Seraphine,Yunara,54.9,5.35,1.96,49.55,102,16.20,EMERALD+,bottom,2026-10-09T10:09Z
Seraphine,Caitlyn,60.0,10.92,7.53,49.08,160,16.20,EMERALD+,bottom,2026-10-09T10:09Z
Sivir,Kog'Maw,44.59,-1.55,-4.87,46.14,148,16.20,EMERALD+,bottom,2026-10-09T10:09Z
Sivir,Yasuo,46.5,-0.24,-3.57,46.74,200,16.20,EMERALD+,bottom,2026-10-09T10:09Z
Sivir,Draven,47.37,-1.12,-4.45,48.49,342,16.20,EMERALD+,bottom,2026-10-09T10:09Z
Sivir,Yunara,48.36,-1.19,-4.52,49.55,885,16.20,EMERALD+,bottom,2026-10-09T10:09Z
Sivir,Twitch,48.52,0.81,-2.52,47.71,406,16.20,EMERALD+,bottom,2026-10-09T10:09Z
Sivir,Jinx,48.78,2.53,-0.79,46.25,1310,16.20,EMERALD+,bottom,2026-10-09T10:09Z
Sivir,Lucian,49.3,-0.27,-3.6,49.57,643,16.20,EMERALD+,bottom,2026-10-09T10:09Z
Sivir,Xayah,49.51,2.66,-0.67,46.85,410,16.20,EMERALD+,bottom,2026-10-09T10:09Z
Sivir,Smolder,50.49,1.77,-1.56,48.72,515,16.20,EMERALD+,bottom,2026-10-09T10:09Z
Sivir,Kalista,50.68,0.7,-2.63,49.98,292,16.20,EMERALD+,bottom,2026-10-09T10:09Z
Sivir,Varus,50.98,0.47,-2.86,50.51,255,16.20,EMERALD+,bottom,2026-10-09T10:09Z
Sivir,Ziggs,51.06,4.15,0.82,46.91,141,16.20,EMERALD+,bottom,2026-10-09T10:09Z
Sivir,Veigar,51.35,5.6,2.28,45.75,111,16.20,EMERALD+,bottom,2026-10-09T10:09Z
Sivir,Corki,51.85,2.28,-1.05,49.57,135,16.20,EMERALD+,bottom,2026-10-09T10:09Z
Sivir,Ashe,52.17,2.78,-0.55,49.39,577,16.20,EMERALD+,bottom,2026-10-09T10:09Z
Sivir,Aphelios,52.57,3.81,0.48,48.76,641,16.20,EMERALD+,bottom,2026-10-09T10:09Z
Sivir,Zeri,52.62,4.41,1.08,48.21,325,16.20,EMERALD+,bottom,2026-10-09T10:09Z
Sivir,Vayne,52.8,3.44,0.11,49.36,339,16.20,EMERALD+,bottom,2026-10-09T10:09Z
Sivir,Jhin,52.92,4.2,0.87,48.72,1421,16.20,EMERALD+,bottom,2026-10-09T10:09Z
Sivir,Miss Fortune,53.05,4.36,1.03,48.69,443,16.20,EMERALD+,bottom,2026-10-09T10:09Z
Sivir,Kai'Sa,53.51,4.6,1.27,48.91,1609,16.20,EMERALD+,bottom,2026-10-09T10:09Z
Sivir,Tristana,53.61,6.31,2.98,47.3,983,16.20,EMERALD+,bottom,2026-10-09T10:09Z
Sivir,Caitlyn,54.09,5.01,1.68,49.08,1381,16.20,EMERALD+,bottom,2026-10-09T10:09Z
Sivir,Viktor,54.79,7.28,3.95,47.51,219,16.20,EMERALD+,bottom,2026-10-09T10:09Z
Sivir,Samira,56.72,7.68,4.35,49.04,335,16.20,EMERALD+,bottom,2026-10-09T10:09Z
Sivir,Ezreal,58.34,6.1,2.78,52.24,1121,16.20,EMERALD+,bottom,2026-10-09T10:09Z
Smolder,Hwei,44.8,-1.2,-3.93,46.0,125,16.20,EMERALD+,bottom,2026-10-09T10:09Z
Smolder,Veigar,45.11,-0.64,-3.37,45.75,184,16.20,EMERALD+,bottom,2026-10-09T10:09Z
Smolder,Jinx,47.92,1.67,-1.07,46.25,2450,16.20,EMERALD+,bottom,2026-10-09T10:09Z
Smolder,Twitch,48.13,0.42,-2.32,47.71,777,16.20,EMERALD+,bottom,2026-10-09T10:09Z
Smolder,Kog'Maw,48.14,2.0,-0.73,46.14,295,16.20,EMERALD+,bottom,2026-10-09T10:09Z
Smolder,Aphelios,48.75,-0.01,-2.75,48.76,1079,16.20,EMERALD+,bottom,2026-10-09T10:09Z
Smolder,Tristana,48.87,1.57,-1.17,47.3,1510,16.20,EMERALD+,bottom,2026-10-09T10:09Z
Smolder,Zeri,49.02,0.81,-1.93,48.21,561,16.20,EMERALD+,bottom,2026-10-09T10:09Z
Smolder,Yasuo,49.24,2.5,-0.24,46.74,329,16.20,EMERALD+,bottom,2026-10-09T10:09Z
Smolder,Kalista,49.76,-0.22,-2.96,49.98,420,16.20,EMERALD+,bottom,2026-10-09T10:09Z
Smolder,Aurelion Sol,50.0,4.86,2.13,45.14,112,16.20,EMERALD+,bottom,2026-10-09T10:09Z
Smolder,Syndra,50.0,1.62,-1.12,48.38,110,16.20,EMERALD+,bottom,2026-10-09T10:09Z
Smolder,Katarina,50.85,4.91,2.18,45.94,118,16.20,EMERALD+,bottom,2026-10-09T10:09Z
Smolder,Yunara,51.36,1.81,-0.93,49.55,1507,16.20,EMERALD+,bottom,2026-10-09T10:09Z
Smolder,Jhin,51.73,3.01,0.27,48.72,2279,16.20,EMERALD+,bottom,2026-10-09T10:09Z
Smolder,Caitlyn,51.77,2.69,-0.05,49.08,1920,16.20,EMERALD+,bottom,2026-10-09T10:09Z
Smolder,Kai'Sa,51.85,2.94,0.2,48.91,2378,16.20,EMERALD+,bottom,2026-10-09T10:09Z
Smolder,Ashe,51.9,2.51,-0.23,49.39,711,16.20,EMERALD+,bottom,2026-10-09T10:09Z
Smolder,Viktor,52.12,4.61,1.87,47.51,330,16.20,EMERALD+,bottom,2026-10-09T10:09Z
Smolder,Draven,52.18,3.69,0.95,48.49,596,16.20,EMERALD+,bottom,2026-10-09T10:09Z
Smolder,Mel,52.25,1.72,-1.02,50.53,111,16.20,EMERALD+,bottom,2026-10-09T10:09Z
Smolder,Sivir,53.36,5.23,2.49,48.13,521,16.20,EMERALD+,bottom,2026-10-09T10:09Z
Smolder,Xayah,53.69,6.84,4.1,46.85,609,16.20,EMERALD+,bottom,2026-10-09T10:09Z
Smolder,Ezreal,53.96,1.72,-1.02,52.24,1251,16.20,EMERALD+,bottom,2026-10-09T10:09Z
Smolder,Lucian,54.14,4.57,1.83,49.57,1123,16.20,EMERALD+,bottom,2026-10-09T10:09Z
Smolder,Swain,54.39,9.79,7.06,44.6,171,16.20,EMERALD+,bottom,2026-10-09T10:09Z
Smolder,Miss Fortune,54.58,5.89,3.15,48.69,742,16.20,EMERALD+,bottom,2026-10-09T10:09Z
Smolder,Samira,55.06,6.02,3.28,49.04,534,16.20,EMERALD+,bottom,2026-10-09T10:09Z
Smolder,Vayne,55.26,5.9,3.16,49.36,570,16.20,EMERALD+,bottom,2026-10-09T10:09Z
Smolder,Varus,55.29,4.78,2.04,50.51,340,16.20,EMERALD+,bottom,2026-10-09T10:09Z
Smolder,Corki,55.45,5.88,3.14,49.57,220,16.20,EMERALD+,bottom,2026-10-09T10:09Z
Smolder,Ziggs,56.88,9.97,7.23,46.91,218,16.20,EMERALD+,bottom,2026-10-09T10:09Z
Smolder,Nilah,56.88,9.31,6.57,47.57,160,16.20,EMERALD+,bottom,2026-10-09T10:09Z
Swain,Smolder,46.75,-1.97,-8.84,48.72,169,16.20,EMERALD+,bottom,2026-10-09T10:09Z
Swain,Xayah,47.62,0.77,-6.11,46.85,126,16.20,EMERALD+,bottom,2026-10-09T10:09Z
Swain,Zeri,50.0,1.79,-5.08,48.21,108,16.20,EMERALD+,bottom,2026-10-09T10:09Z
Swain,Lucian,50.51,0.94,-5.92,49.57,196,16.20,EMERALD+,bottom,2026-10-09T10:09Z
Swain,Caitlyn,52.1,3.02,-3.85,49.08,309,16.20,EMERALD+,bottom,2026-10-09T10:09Z
Swain,Jhin,55.08,6.36,-0.51,48.72,374,16.20,EMERALD+,bottom,2026-10-09T10:09Z
Swain,Kai'Sa,55.91,7.0,0.13,48.91,406,16.20,EMERALD+,bottom,2026-10-09T10:09Z
Swain,Miss Fortune,56.07,7.38,0.51,48.69,107,16.20,EMERALD+,bottom,2026-10-09T10:09Z
Swain,Yunara,57.25,7.7,0.84,49.55,276,16.20,EMERALD+,bottom,2026-10-09T10:09Z
Swain,Jinx,58.65,12.4,5.53,46.25,341,16.20,EMERALD+,bottom,2026-10-09T10:09Z
Swain,Tristana,59.05,11.75,4.87,47.3,232,16.20,EMERALD+,bottom,2026-10-09T10:09Z
Swain,Ezreal,59.19,6.95,0.13,52.24,223,16.20,EMERALD+,bottom,2026-10-09T10:09Z
Swain,Aphelios,59.77,11.01,4.14,48.76,174,16.20,EMERALD+,bottom,2026-10-09T10:09Z
Swain,Sivir,60.4,12.27,5.4,48.13,101,16.20,EMERALD+,bottom,2026-10-09T10:09Z
Swain,Ashe,63.64,14.25,7.38,49.39,110,16.20,EMERALD+,bottom,2026-10-09T10:09Z
Swain,Draven,63.87,15.38,8.51,48.49,119,16.20,EMERALD+,bottom,2026-10-09T10:09Z
Syndra,Lucian,39.71,-9.86,-12.94,49.57,136,16.20,EMERALD+,bottom,2026-10-09T10:09Z
Syndra,Aphelios,46.43,-2.33,-5.41,48.76,140,16.20,EMERALD+,bottom,2026-10-09T10:09Z
Syndra,Jinx,48.16,1.91,-1.16,46.25,272,16.20,EMERALD+,bottom,2026-10-09T10:09Z
Syndra,Tristana,50.5,3.2,0.12,47.3,200,16.20,EMERALD+,bottom,2026-10-09T10:09Z
Syndra,Smolder,51.28,2.56,-0.52,48.72,117,16.20,EMERALD+,bottom,2026-10-09T10:09Z
Syndra,Kai'Sa,52.09,3.18,0.1,48.91,359,16.20,EMERALD+,bottom,2026-10-09T10:09Z
Syndra,Jhin,52.78,4.06,0.98,48.72,324,16.20,EMERALD+,bottom,2026-10-09T10:09Z
Syndra,Yunara,52.8,3.25,0.17,49.55,161,16.20,EMERALD+,bottom,2026-10-09T10:09Z
Syndra,Ezreal,54.17,1.93,-1.14,52.24,240,16.20,EMERALD+,bottom,2026-10-09T10:09Z
Syndra,Caitlyn,55.69,6.61,3.53,49.08,325,16.20,EMERALD+,bottom,2026-10-09T10:09Z
Syndra,Twitch,55.88,8.17,5.09,47.71,102,16.20,EMERALD+,bottom,2026-10-09T10:09Z
Syndra,Draven,58.02,9.53,6.45,48.49,131,16.20,EMERALD+,bottom,2026-10-09T10:09Z
Tristana,Swain,40.37,-4.23,-8.37,44.6,218,16.20,EMERALD+,bottom,2026-10-09T10:09Z
Tristana,Hwei,41.29,-4.71,-8.86,46.0,155,16.20,EMERALD+,bottom,2026-10-09T10:09Z
Tristana,Vel'Koz,43.22,-2.89,-7.04,46.11,118,16.20,EMERALD+,bottom,2026-10-09T10:09Z
Tristana,Lux,44.63,-1.93,-6.09,46.56,121,16.20,EMERALD+,bottom,2026-10-09T10:09Z
Tristana,Nilah,45.38,-2.19,-6.35,47.57,260,16.20,EMERALD+,bottom,2026-10-09T10:09Z
Tristana,Brand,46.23,-2.02,-6.18,48.25,106,16.20,EMERALD+,bottom,2026-10-09T10:09Z
Tristana,Vladimir,46.6,-1.04,-5.2,47.64,103,16.20,EMERALD+,bottom,2026-10-09T10:09Z
Tristana,Draven,48.37,-0.12,-4.28,48.49,953,16.20,EMERALD+,bottom,2026-10-09T10:09Z
Tristana,Sivir,49.22,1.09,-3.07,48.13,961,16.20,EMERALD+,bottom,2026-10-09T10:09Z
Tristana,Xerath,49.22,2.94,-1.22,46.28,128,16.20,EMERALD+,bottom,2026-10-09T10:09Z
Tristana,Kog'Maw,50.1,3.96,-0.2,46.14,481,16.20,EMERALD+,bottom,2026-10-09T10:09Z
Tristana,Aphelios,50.12,1.36,-2.8,48.76,1610,16.20,EMERALD+,bottom,2026-10-09T10:09Z
Tristana,Yasuo,50.24,3.5,-0.66,46.74,410,16.20,EMERALD+,bottom,2026-10-09T10:09Z
Tristana,Ziggs,50.32,3.41,-0.75,46.91,312,16.20,EMERALD+,bottom,2026-10-09T10:09Z
Tristana,Veigar,50.64,4.89,0.74,45.75,235,16.20,EMERALD+,bottom,2026-10-09T10:09Z
Tristana,Viktor,51.01,3.5,-0.66,47.51,496,16.20,EMERALD+,bottom,2026-10-09T10:09Z
Tristana,Syndra,51.32,2.94,-1.22,48.38,189,16.20,EMERALD+,bottom,2026-10-09T10:09Z
Tristana,Kai'Sa,51.45,2.54,-1.62,48.91,4301,16.20,EMERALD+,bottom,2026-10-09T10:09Z
Tristana,Jinx,51.78,5.53,1.37,46.25,3768,16.20,EMERALD+,bottom,2026-10-09T10:09Z
Tristana,Xayah,52.19,5.34,1.18,46.85,1345,16.20,EMERALD+,bottom,2026-10-09T10:09Z
Tristana,Zeri,52.41,4.2,0.04,48.21,977,16.20,EMERALD+,bottom,2026-10-09T10:09Z
Tristana,Corki,52.42,2.85,-1.31,49.57,641,16.20,EMERALD+,bottom,2026-10-09T10:09Z
Tristana,Caitlyn,52.52,3.44,-0.72,49.08,3077,16.20,EMERALD+,bottom,2026-10-09T10:09Z
Tristana,Twitch,52.67,4.96,0.8,47.71,1312,16.20,EMERALD+,bottom,2026-10-09T10:09Z
Tristana,Varus,53.33,2.82,-1.34,50.51,525,16.20,EMERALD+,bottom,2026-10-09T10:09Z
Tristana,Lucian,53.37,3.8,-0.36,49.57,1956,16.20,EMERALD+,bottom,2026-10-09T10:09Z
Tristana,Jhin,53.49,4.77,0.61,48.72,3924,16.20,EMERALD+,bottom,2026-10-09T10:09Z
Tristana,Samira,54.06,5.02,0.86,49.04,764,16.20,EMERALD+,bottom,2026-10-09T10:09Z
Tristana,Miss Fortune,54.41,5.72,1.56,48.69,1101,16.20,EMERALD+,bottom,2026-10-09T10:09Z
Tristana,Seraphine,54.46,6.39,2.23,48.07,101,16.20,EMERALD+,bottom,2026-10-09T10:09Z
Tristana,Smolder,54.93,6.21,2.05,48.72,1471,16.20,EMERALD+,bottom,2026-10-09T10:09Z
Tristana,Kalista,55.05,5.07,0.91,49.98,821,16.20,EMERALD+,bottom,2026-10-09T10:09Z
Tristana,Yunara,55.12,5.57,1.41,49.55,2598,16.20,EMERALD+,bottom,2026-10-09T10:09Z
Tristana,Mel,55.83,5.3,1.14,50.53,120,16.20,EMERALD+,bottom,2026-10-09T10:09Z
Tristana,Vayne,56.19,6.83,2.67,49.36,767,16.20,EMERALD+,bottom,2026-10-09T10:09Z
Tristana,Ezreal,56.65,4.41,0.26,52.24,2286,16.20,EMERALD+,bottom,2026-10-09T10:09Z
Tristana,Ashe,57.8,8.41,4.25,49.39,1090,16.20,EMERALD+,bottom,2026-10-09T10:09Z
Tristana,Aurelion Sol,58.47,13.33,9.18,45.14,118,16.20,EMERALD+,bottom,2026-10-09T10:09Z
Tristana,Katarina,64.65,18.71,14.56,45.94,198,16.20,EMERALD+,bottom,2026-10-09T10:09Z
Twitch,Katarina,39.37,-6.57,-10.31,45.94,127,16.20,EMERALD+,bottom,2026-10-09T10:09Z
Twitch,Yasuo,44.83,-1.91,-5.66,46.74,232,16.20,EMERALD+,bottom,2026-10-09T10:09Z
Twitch,Nilah,46.97,-0.6,-4.35,47.57,198,16.20,EMERALD+,bottom,2026-10-09T10:09Z
Twitch,Corki,47.47,-2.1,-5.85,49.57,198,16.20,EMERALD+,bottom,2026-10-09T10:09Z
Twitch,Xayah,47.96,1.11,-2.64,46.85,538,16.20,EMERALD+,bottom,2026-10-09T10:09Z
Twitch,Syndra,49.04,0.66,-3.09,48.38,104,16.20,EMERALD+,bottom,2026-10-09T10:09Z
Twitch,Draven,49.43,0.94,-2.81,48.49,524,16.20,EMERALD+,bottom,2026-10-09T10:09Z
Twitch,Viktor,49.81,2.3,-1.45,47.51,259,16.20,EMERALD+,bottom,2026-10-09T10:09Z
Twitch,Tristana,50.26,2.96,-0.79,47.3,1333,16.20,EMERALD+,bottom,2026-10-09T10:09Z
Twitch,Ziggs,50.59,3.68,-0.07,46.91,170,16.20,EMERALD+,bottom,2026-10-09T10:09Z
Twitch,Zeri,50.95,2.74,-1.01,48.21,475,16.20,EMERALD+,bottom,2026-10-09T10:09Z
Twitch,Lucian,51.02,1.45,-2.3,49.57,837,16.20,EMERALD+,bottom,2026-10-09T10:09Z
Twitch,Kai'Sa,51.23,2.32,-1.43,48.91,1907,16.20,EMERALD+,bottom,2026-10-09T10:09Z
Twitch,Vayne,51.84,2.48,-1.27,49.36,488,16.20,EMERALD+,bottom,2026-10-09T10:09Z
Twitch,Caitlyn,52.14,3.06,-0.69,49.08,1657,16.20,EMERALD+,bottom,2026-10-09T10:09Z
Twitch,Jinx,52.37,6.12,2.38,46.25,2324,16.20,EMERALD+,bottom,2026-10-09T10:09Z
Twitch,Aphelios,52.94,4.18,0.43,48.76,918,16.20,EMERALD+,bottom,2026-10-09T10:09Z
Twitch,Samira,53.04,4.0,0.25,49.04,411,16.20,EMERALD+,bottom,2026-10-09T10:09Z
Twitch,Miss Fortune,53.12,4.43,0.68,48.69,642,16.20,EMERALD+,bottom,2026-10-09T10:09Z
Twitch,Smolder,53.6,4.88,1.13,48.72,778,16.20,EMERALD+,bottom,2026-10-09T10:09Z
Twitch,Kog'Maw,53.61,7.47,3.73,46.14,263,16.20,EMERALD+,bottom,2026-10-09T10:09Z
Twitch,Jhin,53.69,4.97,1.22,48.72,1749,16.20,EMERALD+,bottom,2026-10-09T10:09Z
Twitch,Veigar,54.55,8.8,5.06,45.75,132,16.20,EMERALD+,bottom,2026-10-09T10:09Z
Twitch,Yunara,55.03,5.48,1.73,49.55,1203,16.20,EMERALD+,bottom,2026-10-09T10:09Z
Twitch,Ezreal,55.4,3.16,-0.58,52.24,953,16.20,EMERALD+,bottom,2026-10-09T10:09Z
Twitch,Hwei,55.45,9.45,5.71,46.0,101,16.20,EMERALD+,bottom,2026-10-09T10:09Z
Twitch,Sivir,55.66,7.53,3.78,48.13,415,16.20,EMERALD+,bottom,2026-10-09T10:09Z
Twitch,Ashe,56.35,6.96,3.21,49.39,591,16.20,EMERALD+,bottom,2026-10-09T10:09Z
Twitch,Kalista,56.76,6.78,3.03,49.98,333,16.20,EMERALD+,bottom,2026-10-09T10:09Z
Twitch,Varus,60.93,10.42,6.67,50.51,279,16.20,EMERALD+,bottom,2026-10-09T10:09Z
Varus,Yasuo,38.32,-8.42,-9.37,46.74,107,16.20,EMERALD+,bottom,2026-10-09T10:09Z
Varus,Viktor,41.96,-5.55,-6.5,47.51,112,16.20,EMERALD+,bottom,2026-10-09T10:09Z
Varus,Twitch,45.04,-2.67,-3.62,47.71,282,16.20,EMERALD+,bottom,2026-10-09T10:09Z
Varus,Jinx,45.74,-0.51,-1.46,46.25,892,16.20,EMERALD+,bottom,2026-10-09T10:09Z
Varus,Smolder,47.79,-0.93,-1.88,48.72,339,16.20,EMERALD+,bottom,2026-10-09T10:09Z
Varus,Jhin,48.03,-0.69,-1.64,48.72,964,16.20,EMERALD+,bottom,2026-10-09T10:09Z
Varus,Xayah,48.36,1.51,0.56,46.85,244,16.20,EMERALD+,bottom,2026-10-09T10:09Z
Varus,Kai'Sa,48.51,-0.4,-1.35,48.91,1039,16.20,EMERALD+,bottom,2026-10-09T10:09Z
Varus,Tristana,48.97,1.67,0.72,47.3,533,16.20,EMERALD+,bottom,2026-10-09T10:09Z
Varus,Zeri,48.99,0.78,-0.17,48.21,198,16.20,EMERALD+,bottom,2026-10-09T10:09Z
Varus,Kalista,49.25,-0.73,-1.68,49.98,201,16.20,EMERALD+,bottom,2026-10-09T10:09Z
Varus,Lucian,49.9,0.33,-0.62,49.57,513,16.20,EMERALD+,bottom,2026-10-09T10:09Z
Varus,Yunara,50.08,0.53,-0.42,49.55,641,16.20,EMERALD+,bottom,2026-10-09T10:09Z
Varus,Kog'Maw,50.43,4.29,3.34,46.14,117,16.20,EMERALD+,bottom,2026-10-09T10:09Z
Varus,Caitlyn,51.24,2.16,1.21,49.08,808,16.20,EMERALD+,bottom,2026-10-09T10:09Z
Varus,Sivir,51.56,3.43,2.48,48.13,256,16.20,EMERALD+,bottom,2026-10-09T10:09Z
Varus,Miss Fortune,51.93,3.24,2.29,48.69,285,16.20,EMERALD+,bottom,2026-10-09T10:09Z
Varus,Ashe,52.6,3.21,2.26,49.39,289,16.20,EMERALD+,bottom,2026-10-09T10:09Z
Varus,Aphelios,53.14,4.38,3.43,48.76,478,16.20,EMERALD+,bottom,2026-10-09T10:09Z
Varus,Vayne,53.2,3.84,2.89,49.36,203,16.20,EMERALD+,bottom,2026-10-09T10:09Z
Varus,Ezreal,53.26,1.02,0.07,52.24,614,16.20,EMERALD+,bottom,2026-10-09T10:09Z
Varus,Draven,54.02,5.53,4.58,48.49,261,16.20,EMERALD+,bottom,2026-10-09T10:09Z
Varus,Samira,56.13,7.09,6.14,49.04,155,16.20,EMERALD+,bottom,2026-10-09T10:09Z
Vayne,Veigar,40.78,-4.97,-7.07,45.75,103,16.20,EMERALD+,bottom,2026-10-09T10:09Z
Vayne,Zeri,45.37,-2.84,-4.94,48.21,313,16.20,EMERALD+,bottom,2026-10-09T10:09Z
Vayne,Tristana,47.6,0.3,-1.8,47.3,771,16.20,EMERALD+,bottom,2026-10-09T10:09Z
Vayne,Aphelios,48.61,-0.15,-2.25,48.76,502,16.20,EMERALD+,bottom,2026-10-09T10:09Z
Vayne,Kalista,48.62,-1.36,-3.46,49.98,218,16.20,EMERALD+,bottom,2026-10-09T10:09Z
Vayne,Kai'Sa,49.09,0.18,-1.92,48.91,1589,16.20,EMERALD+,bottom,2026-10-09T10:09Z
Vayne,Viktor,49.13,1.62,-0.48,47.51,173,16.20,EMERALD+,bottom,2026-10-09T10:09Z
Vayne,Ashe,49.51,0.12,-1.98,49.39,410,16.20,EMERALD+,bottom,2026-10-09T10:09Z
Vayne,Xayah,49.72,2.87,0.77,46.85,352,16.20,EMERALD+,bottom,2026-10-09T10:09Z
Vayne,Jinx,49.76,3.51,1.41,46.25,1234,16.20,EMERALD+,bottom,2026-10-09T10:09Z
Vayne,Caitlyn,50.05,0.97,-1.13,49.08,1079,16.20,EMERALD+,bottom,2026-10-09T10:09Z
Vayne,Smolder,50.09,1.37,-0.73,48.72,583,16.20,EMERALD+,bottom,2026-10-09T10:09Z
Vayne,Miss Fortune,50.22,1.53,-0.57,48.69,458,16.20,EMERALD+,bottom,2026-10-09T10:09Z
Vayne,Corki,50.38,0.81,-1.29,49.57,133,16.20,EMERALD+,bottom,2026-10-09T10:09Z
Vayne,Draven,50.64,2.15,0.05,48.49,314,16.20,EMERALD+,bottom,2026-10-09T10:09Z
Vayne,Sivir,51.04,2.91,0.81,48.13,337,16.20,EMERALD+,bottom,2026-10-09T10:09Z
Vayne,Yunara,51.12,1.57,-0.53,49.55,804,16.20,EMERALD+,bottom,2026-10-09T10:09Z
Vayne,Kog'Maw,51.13,4.99,2.89,46.14,133,16.20,EMERALD+,bottom,2026-10-09T10:09Z
Vayne,Jhin,51.64,2.92,0.82,48.72,1216,16.20,EMERALD+,bottom,2026-10-09T10:09Z
Vayne,Varus,51.81,1.3,-0.8,50.51,193,16.20,EMERALD+,bottom,2026-10-09T10:09Z
Vayne,Samira,51.88,2.84,0.74,49.04,372,16.20,EMERALD+,bottom,2026-10-09T10:09Z
Vayne,Twitch,51.92,4.21,2.11,47.71,495,16.20,EMERALD+,bottom,2026-10-09T10:09Z
Vayne,Lucian,52.73,3.16,1.06,49.57,641,16.20,EMERALD+,bottom,2026-10-09T10:09Z
Vayne,Yasuo,54.21,7.47,5.37,46.74,190,16.20,EMERALD+,bottom,2026-10-09T10:09Z
Vayne,Ezreal,55.66,3.42,1.32,52.24,760,16.20,EMERALD+,bottom,2026-10-09T10:09Z
Veigar,Kai'Sa,50.44,1.53,-4.19,48.91,341,16.20,EMERALD+,bottom,2026-10-09T10:09Z
Veigar,Jhin,51.51,2.79,-2.93,48.72,365,16.20,EMERALD+,bottom,2026-10-09T10:09Z
Veigar,Jinx,51.52,5.27,-0.44,46.25,363,16.20,EMERALD+,bottom,2026-10-09T10:09Z
Veigar,Caitlyn,52.46,3.38,-2.34,49.08,345,16.20,EMERALD+,bottom,2026-10-09T10:09Z
Veigar,Miss Fortune,52.46,3.77,-1.95,48.69,122,16.20,EMERALD+,bottom,2026-10-09T10:09Z
Veigar,Tristana,53.69,6.39,0.67,47.3,244,16.20,EMERALD+,bottom,2026-10-09T10:09Z
Veigar,Twitch,54.84,7.13,1.41,47.71,124,16.20,EMERALD+,bottom,2026-10-09T10:09Z
Veigar,Sivir,55.14,7.01,1.29,48.13,107,16.20,EMERALD+,bottom,2026-10-09T10:09Z
Veigar,Yunara,55.83,6.28,0.57,49.55,283,16.20,EMERALD+,bottom,2026-10-09T10:09Z
Veigar,Smolder,55.87,7.15,1.43,48.72,179,16.20,EMERALD+,bottom,2026-10-09T10:09Z
Veigar,Lucian,57.21,7.64,1.93,49.57,208,16.20,EMERALD+,bottom,2026-10-09T10:09Z
Veigar,Aphelios,58.33,9.57,3.85,48.76,180,16.20,EMERALD+,bottom,2026-10-09T10:09Z
Veigar,Ashe,58.33,8.94,3.23,49.39,108,16.20,EMERALD+,bottom,2026-10-09T10:09Z
Veigar,Ezreal,60.35,8.11,2.42,52.24,227,16.20,EMERALD+,bottom,2026-10-09T10:09Z
Veigar,Draven,61.95,13.46,7.74,48.49,113,16.20,EMERALD+,bottom,2026-10-09T10:09Z
Veigar,Vayne,64.08,14.72,9.01,49.36,103,16.20,EMERALD+,bottom,2026-10-09T10:09Z
Vel'Koz,Ezreal,50.5,-1.74,-7.07,52.24,101,16.20,EMERALD+,bottom,2026-10-09T10:09Z
Vel'Koz,Kai'Sa,50.92,2.01,-3.34,48.91,163,16.20,EMERALD+,bottom,2026-10-09T10:09Z
Vel'Koz,Jhin,52.15,3.43,-1.93,48.72,163,16.20,EMERALD+,bottom,2026-10-09T10:09Z
Vel'Koz,Jinx,53.19,6.94,1.59,46.25,141,16.20,EMERALD+,bottom,2026-10-09T10:09Z
Vel'Koz,Caitlyn,53.68,4.6,-0.75,49.08,136,16.20,EMERALD+,bottom,2026-10-09T10:09Z
Vel'Koz,Tristana,61.48,14.18,8.82,47.3,122,16.20,EMERALD+,bottom,2026-10-09T10:09Z
Viktor,Kalista,46.75,-3.23,-7.18,49.98,154,16.20,EMERALD+,bottom,2026-10-09T10:09Z
Viktor,Sivir,47.32,-0.81,-4.76,48.13,224,16.20,EMERALD+,bottom,2026-10-09T10:09Z
Viktor,Kai'Sa,47.63,-1.28,-5.23,48.91,886,16.20,EMERALD+,bottom,2026-10-09T10:09Z
Viktor,Smolder,49.09,0.37,-3.58,48.72,328,16.20,EMERALD+,bottom,2026-10-09T10:09Z
Viktor,Jhin,49.83,1.11,-2.84,48.72,901,16.20,EMERALD+,bottom,2026-10-09T10:09Z
Viktor,Xayah,51.07,4.22,0.27,46.85,233,16.20,EMERALD+,bottom,2026-10-09T10:09Z
Viktor,Jinx,51.16,4.91,0.96,46.25,819,16.20,EMERALD+,bottom,2026-10-09T10:09Z
Viktor,Ziggs,51.85,4.94,0.99,46.91,135,16.20,EMERALD+,bottom,2026-10-09T10:09Z
Viktor,Yasuo,52.05,5.31,1.36,46.74,146,16.20,EMERALD+,bottom,2026-10-09T10:09Z
Viktor,Lucian,52.57,3.0,-0.95,49.57,428,16.20,EMERALD+,bottom,2026-10-09T10:09Z
Viktor,Vayne,52.63,3.27,-0.68,49.36,171,16.20,EMERALD+,bottom,2026-10-09T10:09Z
Viktor,Twitch,53.31,5.6,1.65,47.71,257,16.20,EMERALD+,bottom,2026-10-09T10:09Z
Viktor,Tristana,53.37,6.07,2.12,47.3,489,16.20,EMERALD+,bottom,2026-10-09T10:09Z
Viktor,Yunara,53.51,3.96,0.01,49.55,527,16.20,EMERALD+,bottom,2026-10-09T10:09Z
Viktor,Ezreal,53.61,1.37,-2.57,52.24,582,16.20,EMERALD+,bottom,2026-10-09T10:09Z
Viktor,Draven,53.73,5.24,1.29,48.49,255,16.20,EMERALD+,bottom,2026-10-09T10:09Z
Viktor,Kog'Maw,53.77,7.63,3.69,46.14,106,16.20,EMERALD+,bottom,2026-10-09T10:09Z
Viktor,Caitlyn,54.29,5.21,1.26,49.08,757,16.20,EMERALD+,bottom,2026-10-09T10:09Z
Viktor,Zeri,57.21,9.0,5.05,48.21,201,16.20,EMERALD+,bottom,2026-10-09T10:09Z
Viktor,Ashe,58.3,8.91,4.96,49.39,223,16.20,EMERALD+,bottom,2026-10-09T10:09Z
Viktor,Aphelios,58.74,9.98,6.03,48.76,429,16.20,EMERALD+,bottom,2026-10-09T10:09Z
Viktor,Varus,59.17,8.66,4.71,50.51,120,16.20,EMERALD+,bottom,2026-10-09T10:09Z
Viktor,Miss Fortune,59.46,10.77,6.82,48.69,259,16.20,EMERALD+,bottom,2026-10-09T10:09Z
Viktor,Samira,60.24,11.2,7.25,49.04,166,16.20,EMERALD+,bottom,2026-10-09T10:09Z
Vladimir,Ezreal,45.59,-6.65,-10.46,52.24,136,16.20,EMERALD+,bottom,2026-10-09T10:09Z
Vladimir,Caitlyn,48.48,-0.6,-4.42,49.08,132,16.20,EMERALD+,bottom,2026-10-09T10:09Z
Vladimir,Jinx,49.03,2.78,-1.04,46.25,155,16.20,EMERALD+,bottom,2026-10-09T10:09Z
Vladimir,Yunara,49.6,0.05,-3.77,49.55,125,16.20,EMERALD+,bottom,2026-10-09T10:09Z
Vladimir,Kai'Sa,50.0,1.09,-2.73,48.91,184,16.20,EMERALD+,bottom,2026-10-09T10:09Z
Vladimir,Jhin,53.25,4.53,0.71,48.72,169,16.20,EMERALD+,bottom,2026-10-09T10:09Z
Vladimir,Tristana,53.4,6.1,2.28,47.3,103,16.20,EMERALD+,bottom,2026-10-09T10:09Z
Xayah,Draven,49.24,0.75,-3.86,48.49,396,16.20,EMERALD+,bottom,2026-10-09T10:09Z
Xayah,Corki,49.7,0.13,-4.48,49.57,169,16.20,EMERALD+,bottom,2026-10-09T10:09Z
Xayah,Smolder,49.83,1.11,-3.5,48.72,588,16.20,EMERALD+,bottom,2026-10-09T10:09Z
Xayah,Ashe,49.9,0.51,-4.1,49.39,507,16.20,EMERALD+,bottom,2026-10-09T10:09Z
Xayah,Tristana,50.04,2.74,-1.87,47.3,1339,16.20,EMERALD+,bottom,2026-10-09T10:09Z
Xayah,Yasuo,50.22,3.48,-1.13,46.74,225,16.20,EMERALD+,bottom,2026-10-09T10:09Z
Xayah,Viktor,50.42,2.91,-1.7,47.51,236,16.20,EMERALD+,bottom,2026-10-09T10:09Z
Xayah,Jinx,50.83,4.58,-0.03,46.25,1678,16.20,EMERALD+,bottom,2026-10-09T10:09Z
Xayah,Kog'Maw,51.32,5.18,0.57,46.14,189,16.20,EMERALD+,bottom,2026-10-09T10:09Z
Xayah,Caitlyn,51.61,2.53,-2.08,49.08,1273,16.20,EMERALD+,bottom,2026-10-09T10:09Z
Xayah,Yunara,51.69,2.14,-2.47,49.55,1180,16.20,EMERALD+,bottom,2026-10-09T10:09Z
Xayah,Sivir,51.69,3.56,-1.05,48.13,414,16.20,EMERALD+,bottom,2026-10-09T10:09Z
Xayah,Swain,52.38,7.78,3.19,44.6,126,16.20,EMERALD+,bottom,2026-10-09T10:09Z
Xayah,Ziggs,52.8,5.89,1.28,46.91,125,16.20,EMERALD+,bottom,2026-10-09T10:09Z
Xayah,Jhin,53.07,4.35,-0.26,48.72,1496,16.20,EMERALD+,bottom,2026-10-09T10:09Z
Xayah,Zeri,53.17,4.96,0.35,48.21,457,16.20,EMERALD+,bottom,2026-10-09T10:09Z
Xayah,Twitch,53.42,5.71,1.1,47.71,526,16.20,EMERALD+,bottom,2026-10-09T10:09Z
Xayah,Vayne,53.8,4.44,-0.17,49.36,355,16.20,EMERALD+,bottom,2026-10-09T10:09Z
Xayah,Ezreal,54.09,1.85,-2.74,52.24,1002,16.20,EMERALD+,bottom,2026-10-09T10:09Z
Xayah,Samira,54.11,5.07,0.46,49.04,462,16.20,EMERALD+,bottom,2026-10-09T10:09Z
Xayah,Varus,54.39,3.88,-0.73,50.51,239,16.20,EMERALD+,bottom,2026-10-09T10:09Z
Xayah,Aphelios,54.78,6.02,1.41,48.76,931,16.20,EMERALD+,bottom,2026-10-09T10:09Z
Xayah,Miss Fortune,55.09,6.4,1.79,48.69,550,16.20,EMERALD+,bottom,2026-10-09T10:09Z
Xayah,Kai'Sa,55.29,6.38,1.77,48.91,3498,16.20,EMERALD+,bottom,2026-10-09T10:09Z
Xayah,Veigar,55.77,10.02,5.42,45.75,104,16.20,EMERALD+,bottom,2026-10-09T10:09Z
Xayah,Lucian,56.32,6.75,2.14,49.57,1005,16.20,EMERALD+,bottom,2026-10-09T10:09Z
Xayah,Kalista,57.78,7.8,3.19,49.98,405,16.20,EMERALD+,bottom,2026-10-09T10:09Z
Xayah,Katarina,58.87,12.93,8.32,45.94,124,16.20,EMERALD+,bottom,2026-10-09T10:09Z
Xayah,Nilah,62.81,15.24,10.63,47.57,121,16.20,EMERALD+,bottom,2026-10-09T10:09Z
Xerath,Lucian,51.05,1.48,-3.7,49.57,143,16.20,EMERALD+,bottom,2026-10-09T10:09Z
Xerath,Ezreal,52.15,-0.09,-5.25,52.24,209,16.20,EMERALD+,bottom,2026-10-09T10:09Z
Xerath,Tristana,53.52,6.22,1.04,47.3,142,16.20,EMERALD+,bottom,2026-10-09T10:09Z
Xerath,Kai'Sa,53.96,5.05,-0.13,48.91,265,16.20,EMERALD+,bottom,2026-10-09T10:09Z
Xerath,Jhin,55.7,6.98,1.8,48.72,316,16.20,EMERALD+,bottom,2026-10-09T10:09Z
Xerath,Aphelios,56.3,7.54,2.36,48.76,135,16.20,EMERALD+,bottom,2026-10-09T10:09Z
Xerath,Jinx,56.42,10.17,4.99,46.25,257,16.20,EMERALD+,bottom,2026-10-09T10:09Z
Xerath,Caitlyn,57.67,8.59,3.41,49.08,326,16.20,EMERALD+,bottom,2026-10-09T10:09Z
Xerath,Yunara,59.38,9.83,4.65,49.55,160,16.20,EMERALD+,bottom,2026-10-09T10:09Z
Yasuo,Kalista,45.27,-4.71,-9.43,49.98,148,16.20,EMERALD+,bottom,2026-10-09T10:09Z
Yasuo,Vayne,48.65,-0.71,-5.43,49.36,185,16.20,EMERALD+,bottom,2026-10-09T10:09Z
Yasuo,Viktor,50.0,2.49,-2.23,47.51,142,16.20,EMERALD+,bottom,2026-10-09T10:09Z
Yasuo,Jinx,50.0,3.75,-0.97,46.25,678,16.20,EMERALD+,bottom,2026-10-09T10:09Z
Yasuo,Yunara,50.65,1.1,-3.62,49.55,462,16.20,EMERALD+,bottom,2026-10-09T10:09Z
Yasuo,Tristana,51.68,4.38,-0.34,47.3,416,16.20,EMERALD+,bottom,2026-10-09T10:09Z
Yasuo,Smolder,51.83,3.11,-1.61,48.72,328,16.20,EMERALD+,bottom,2026-10-09T10:09Z
Yasuo,Samira,51.9,2.86,-1.86,49.04,158,16.20,EMERALD+,bottom,2026-10-09T10:09Z
Yasuo,Kai'Sa,52.63,3.72,-1.0,48.91,760,16.20,EMERALD+,bottom,2026-10-09T10:09Z
Yasuo,Xayah,52.65,5.8,1.08,46.85,226,16.20,EMERALD+,bottom,2026-10-09T10:09Z
Yasuo,Draven,53.23,4.74,0.02,48.49,186,16.20,EMERALD+,bottom,2026-10-09T10:09Z
Yasuo,Aphelios,54.35,5.59,0.87,48.76,333,16.20,EMERALD+,bottom,2026-10-09T10:09Z
Yasuo,Caitlyn,54.35,5.27,0.55,49.08,655,16.20,EMERALD+,bottom,2026-10-09T10:09Z
Yasuo,Lucian,54.98,5.41,0.69,49.57,442,16.20,EMERALD+,bottom,2026-10-09T10:09Z
Yasuo,Zeri,55.87,7.66,2.94,48.21,179,16.20,EMERALD+,bottom,2026-10-09T10:09Z
Yasuo,Jhin,56.22,7.5,2.78,48.72,740,16.20,EMERALD+,bottom,2026-10-09T10:09Z
Yasuo,Sivir,56.41,8.28,3.56,48.13,195,16.20,EMERALD+,bottom,2026-10-09T10:09Z
Yasuo,Twitch,56.43,8.72,4.0,47.71,241,16.20,EMERALD+,bottom,2026-10-09T10:09Z
Yasuo,Ashe,57.33,7.94,3.22,49.39,232,16.20,EMERALD+,bottom,2026-10-09T10:09Z
Yasuo,Miss Fortune,59.7,11.01,6.29,48.69,201,16.20,EMERALD+,bottom,2026-10-09T10:09Z
Yasuo,Ezreal,59.76,7.52,2.82,52.24,502,16.20,EMERALD+,bottom,2026-10-09T10:09Z
Yasuo,Varus,65.09,14.58,9.86,50.51,106,16.20,EMERALD+,bottom,2026-10-09T10:09Z
Yunara,Lux,41.72,-4.84,-6.75,46.56,151,16.20,EMERALD+,bottom,2026-10-09T10:09Z
Yunara,Aurelion Sol,41.73,-3.41,-5.32,45.14,127,16.20,EMERALD+,bottom,2026-10-09T10:09Z
Yunara,Xerath,43.59,-2.69,-4.6,46.28,156,16.20,EMERALD+,bottom,2026-10-09T10:09Z
Yunara,Swain,45.1,0.5,-1.41,44.6,255,16.20,EMERALD+,bottom,2026-10-09T10:09Z
Yunara,Brand,45.13,-3.12,-5.03,48.25,113,16.20,EMERALD+,bottom,2026-10-09T10:09Z
Yunara,Kog'Maw,45.45,-0.69,-2.6,46.14,561,16.20,EMERALD+,bottom,2026-10-09T10:09Z
Yunara,Ziggs,45.89,-1.02,-2.93,46.91,292,16.20,EMERALD+,bottom,2026-10-09T10:09Z
Yunara,Nilah,46.19,-1.38,-3.29,47.57,223,16.20,EMERALD+,bottom,2026-10-09T10:09Z
Yunara,Draven,46.71,-1.78,-3.69,48.49,927,16.20,EMERALD+,bottom,2026-10-09T10:09Z
Yunara,Zeri,47.0,-1.21,-3.12,48.21,1332,16.20,EMERALD+,bottom,2026-10-09T10:09Z
Yunara,Tristana,47.05,-0.25,-2.16,47.3,2574,16.20,EMERALD+,bottom,2026-10-09T10:09Z
Yunara,Jinx,47.81,1.56,-0.35,46.25,4445,16.20,EMERALD+,bottom,2026-10-09T10:09Z
Yunara,Twitch,48.11,0.4,-1.51,47.71,1220,16.20,EMERALD+,bottom,2026-10-09T10:09Z
Yunara,Katarina,48.19,2.25,0.34,45.94,193,16.20,EMERALD+,bottom,2026-10-09T10:09Z
Yunara,Veigar,48.19,2.44,0.53,45.75,276,16.20,EMERALD+,bottom,2026-10-09T10:09Z
Yunara,Caitlyn,48.31,-0.77,-2.68,49.08,3353,16.20,EMERALD+,bottom,2026-10-09T10:09Z
Yunara,Aphelios,48.5,-0.26,-2.17,48.76,2371,16.20,EMERALD+,bottom,2026-10-09T10:09Z
Yunara,Seraphine,48.51,0.44,-1.47,48.07,101,16.20,EMERALD+,bottom,2026-10-09T10:09Z
Yunara,Viktor,49.23,1.72,-0.19,47.51,518,16.20,EMERALD+,bottom,2026-10-09T10:09Z
Yunara,Corki,49.65,0.08,-1.83,49.57,431,16.20,EMERALD+,bottom,2026-10-09T10:09Z
Yunara,Syndra,50.0,1.62,-0.29,48.38,164,16.20,EMERALD+,bottom,2026-10-09T10:09Z
Yunara,Karthus,50.0,3.17,1.26,46.83,120,16.20,EMERALD+,bottom,2026-10-09T10:09Z
Yunara,Vladimir,50.78,3.14,1.23,47.64,128,16.20,EMERALD+,bottom,2026-10-09T10:09Z
Yunara,Varus,51.26,0.75,-1.16,50.51,634,16.20,EMERALD+,bottom,2026-10-09T10:09Z
Yunara,Xayah,51.37,4.52,2.61,46.85,1168,16.20,EMERALD+,bottom,2026-10-09T10:09Z
Yunara,Smolder,51.41,2.69,0.78,48.72,1488,16.20,EMERALD+,bottom,2026-10-09T10:09Z
Yunara,Lucian,52.02,2.45,0.54,49.57,2207,16.20,EMERALD+,bottom,2026-10-09T10:09Z
Yunara,Jhin,52.13,3.41,1.5,48.72,3802,16.20,EMERALD+,bottom,2026-10-09T10:09Z
Yunara,Hwei,52.29,6.29,4.38,46.0,218,16.20,EMERALD+,bottom,2026-10-09T10:09Z
Yunara,Yasuo,52.48,5.74,3.83,46.74,463,16.20,EMERALD+,bottom,2026-10-09T10:09Z
Yunara,Kai'Sa,52.57,3.66,1.75,48.91,4894,16.20,EMERALD+,bottom,2026-10-09T10:09Z
Yunara,Samira,52.71,3.67,1.76,49.04,776,16.20,EMERALD+,bottom,2026-10-09T10:09Z
Yunara,Ashe,52.82,3.43,1.52,49.39,1225,16.20,EMERALD+,bottom,2026-10-09T10:09Z
Yunara,Vayne,53.13,3.77,1.86,49.36,815,16.20,EMERALD+,bottom,2026-10-09T10:09Z
Yunara,Miss Fortune,53.48,4.79,2.88,48.69,1079,16.20,EMERALD+,bottom,2026-10-09T10:09Z
Yunara,Kalista,54.0,4.02,2.11,49.98,826,16.20,EMERALD+,bottom,2026-10-09T10:09Z
Yunara,Sivir,54.82,6.69,4.78,48.13,861,16.20,EMERALD+,bottom,2026-10-09T10:09Z
Yunara,Ezreal,54.97,2.73,0.82,52.24,2343,16.20,EMERALD+,bottom,2026-10-09T10:09Z
Yunara,Mel,66.39,15.86,13.95,50.53,119,16.20,EMERALD+,bottom,2026-10-09T10:09Z
Zeri,Nilah,39.64,-7.93,-11.18,47.57,111,16.20,EMERALD+,bottom,2026-10-09T10:09Z
Zeri,Viktor,46.73,-0.78,-4.03,47.51,199,16.20,EMERALD+,bottom,2026-10-09T10:09Z
Zeri,Yasuo,47.19,0.45,-2.8,46.74,178,16.20,EMERALD+,bottom,2026-10-09T10:09Z
Zeri,Jinx,49.12,2.87,-0.37,46.25,1480,16.20,EMERALD+,bottom,2026-10-09T10:09Z
Zeri,Xayah,49.36,2.51,-0.74,46.85,472,16.20,EMERALD+,bottom,2026-10-09T10:09Z
Zeri,Lucian,49.43,-0.14,-3.39,49.57,787,16.20,EMERALD+,bottom,2026-10-09T10:09Z
Zeri,Ashe,49.58,0.19,-3.06,49.39,476,16.20,EMERALD+,bottom,2026-10-09T10:09Z
Zeri,Kalista,50.0,0.02,-3.23,49.98,378,16.20,EMERALD+,bottom,2026-10-09T10:09Z
Zeri,Tristana,50.05,2.75,-0.5,47.3,963,16.20,EMERALD+,bottom,2026-10-09T10:09Z
Zeri,Sivir,50.15,2.02,-1.23,48.13,327,16.20,EMERALD+,bottom,2026-10-09T10:09Z
Zeri,Draven,50.52,2.03,-1.22,48.49,384,16.20,EMERALD+,bottom,2026-10-09T10:09Z
Zeri,Corki,51.11,1.54,-1.71,49.57,180,16.20,EMERALD+,bottom,2026-10-09T10:09Z
Zeri,Jhin,51.2,2.48,-0.77,48.72,1459,16.20,EMERALD+,bottom,2026-10-09T10:09Z
Zeri,Kog'Maw,51.4,5.26,2.02,46.14,214,16.20,EMERALD+,bottom,2026-10-09T10:09Z
Zeri,Aphelios,51.74,2.98,-0.27,48.76,891,16.20,EMERALD+,bottom,2026-10-09T10:09Z
Zeri,Twitch,51.8,4.09,0.84,47.71,471,16.20,EMERALD+,bottom,2026-10-09T10:09Z
Zeri,Caitlyn,52.07,2.99,-0.26,49.08,1014,16.20,EMERALD+,bottom,2026-10-09T10:09Z
Zeri,Smolder,53.1,4.38,1.13,48.72,565,16.20,EMERALD+,bottom,2026-10-09T10:09Z
Zeri,Varus,53.4,2.89,-0.36,50.51,191,16.20,EMERALD+,bottom,2026-10-09T10:09Z
Zeri,Kai'Sa,53.52,4.61,1.36,48.91,1831,16.20,EMERALD+,bottom,2026-10-09T10:09Z
Zeri,Yunara,54.06,4.51,1.26,49.55,1343,16.20,EMERALD+,bottom,2026-10-09T10:09Z
Zeri,Miss Fortune,55.58,6.89,3.64,48.69,403,16.20,EMERALD+,bottom,2026-10-09T10:09Z
Zeri,Ezreal,55.71,3.47,0.23,52.24,840,16.20,EMERALD+,bottom,2026-10-09T10:09Z
Zeri,Vayne,56.09,6.73,3.48,49.36,312,16.20,EMERALD+,bottom,2026-10-09T10:09Z
Zeri,Ziggs,57.02,10.11,6.86,46.91,114,16.20,EMERALD+,bottom,2026-10-09T10:09Z
Zeri,Samira,58.31,9.27,6.02,49.04,319,16.20,EMERALD+,bottom,2026-10-09T10:09Z
Ziggs,Smolder,46.63,-2.09,-6.64,48.72,208,16.20,EMERALD+,bottom,2026-10-09T10:09Z
Ziggs,Zeri,47.79,-0.42,-4.97,48.21,113,16.20,EMERALD+,bottom,2026-10-09T10:09Z
Ziggs,Jhin,47.95,-0.77,-5.32,48.72,561,16.20,EMERALD+,bottom,2026-10-09T10:09Z
Ziggs,Viktor,48.89,1.38,-3.17,47.51,135,16.20,EMERALD+,bottom,2026-10-09T10:09Z
Ziggs,Samira,49.02,-0.02,-4.57,49.04,102,16.20,EMERALD+,bottom,2026-10-09T10:09Z
Ziggs,Sivir,49.26,1.13,-3.42,48.13,136,16.20,EMERALD+,bottom,2026-10-09T10:09Z
Ziggs,Lucian,50.0,0.43,-4.12,49.57,206,16.20,EMERALD+,bottom,2026-10-09T10:09Z
Ziggs,Draven,50.67,2.18,-2.37,48.49,150,16.20,EMERALD+,bottom,2026-10-09T10:09Z
Ziggs,Kai'Sa,50.82,1.91,-2.64,48.91,547,16.20,EMERALD+,bottom,2026-10-09T10:09Z
Ziggs,Jinx,52.18,5.93,1.38,46.25,481,16.20,EMERALD+,bottom,2026-10-09T10:09Z
Ziggs,Xayah,52.34,5.49,0.94,46.85,128,16.20,EMERALD+,bottom,2026-10-09T10:09Z
Ziggs,Tristana,53.13,5.83,1.28,47.3,320,16.20,EMERALD+,bottom,2026-10-09T10:09Z
Ziggs,Ashe,54.24,4.85,0.3,49.39,177,16.20,EMERALD+,bottom,2026-10-09T10:09Z
Ziggs,Twitch,55.63,7.92,3.37,47.71,160,16.20,EMERALD+,bottom,2026-10-09T10:09Z
Ziggs,Ezreal,55.73,3.49,-1.05,52.24,384,16.20,EMERALD+,bottom,2026-10-09T10:09Z
Ziggs,Caitlyn,56.38,7.3,2.75,49.08,596,16.20,EMERALD+,bottom,2026-10-09T10:09Z
Ziggs,Yunara,56.6,7.05,2.5,49.55,288,16.20,EMERALD+,bottom,2026-10-09T10:09Z
Ziggs,Aphelios,59.42,10.66,6.11,48.76,276,16.20,EMERALD+,bottom,2026-10-09T10:09Z
Ziggs,Miss Fortune,61.75,13.06,8.51,48.69,183,16.20,EMERALD+,bottom,2026-10-09T10:09Z
