champion,opponent,wr,delta_vs_avg,delta_norm,opp_avg_wr,games,patch,tier,fetched_at
Orianna,Locke,39.15,-9.32,-8.07,48.47,281,16.20,EMERALD+,2026-10-08T19:13Z
Orianna,Ekko,39.87,-7.55,-6.3,47.42,158,16.20,EMERALD+,2026-10-08T19:13Z
Orianna,Vex,40.71,-5.75,-4.51,46.46,113,16.20,EMERALD+,2026-10-08T19:13Z
Orianna,Syndra,42.67,-6.58,-5.32,49.25,382,16.20,EMERALD+,2026-10-08T19:13Z
Orianna,Xerath,43.15,-4.1,-2.85,47.25,197,16.20,EMERALD+,2026-10-08T19:13Z
Orianna,Qiyana,43.52,-6.19,-4.93,49.71,108,16.20,EMERALD+,2026-10-08T19:13Z
Orianna,Katarina,44.16,-3.9,-2.65,48.06,231,16.20,EMERALD+,2026-10-08T19:13Z
Orianna,Malzahar,45.05,-3.81,-2.55,48.86,182,16.20,EMERALD+,2026-10-08T19:13Z
Orianna,Irelia,45.22,-4.59,-3.33,49.81,115,16.20,EMERALD+,2026-10-08T19:13Z
Orianna,Zoe,45.38,-2.03,-0.78,47.41,119,16.20,EMERALD+,2026-10-08T19:13Z
Orianna,Akali,45.92,-3.23,-1.97,49.15,233,16.20,EMERALD+,2026-10-08T19:13Z
Orianna,Aurora,46.3,-1.73,-0.48,48.03,108,16.20,EMERALD+,2026-10-08T19:13Z
Orianna,Lux,46.32,-0.45,0.79,46.77,136,16.20,EMERALD+,2026-10-08T19:13Z
Orianna,Lissandra,47.37,-0.0,1.25,47.37,228,16.20,EMERALD+,2026-10-08T19:13Z
Orianna,Fizz,47.5,0.78,2.02,46.72,160,16.20,EMERALD+,2026-10-08T19:13Z
Orianna,Viktor,47.66,-1.07,0.19,48.73,470,16.20,EMERALD+,2026-10-08T19:13Z
Orianna,Ahri,47.69,0.52,1.76,47.17,390,16.20,EMERALD+,2026-10-08T19:13Z
Orianna,Vladimir,47.78,-0.76,0.49,48.54,180,16.20,EMERALD+,2026-10-08T19:13Z
Orianna,Sylas,47.9,-2.74,-1.48,50.64,309,16.20,EMERALD+,2026-10-08T19:13Z
Orianna,Yasuo,48.76,-0.02,1.24,48.78,322,16.20,EMERALD+,2026-10-08T19:13Z
Orianna,Hwei,49.14,1.32,2.57,47.82,175,16.20,EMERALD+,2026-10-08T19:13Z
Orianna,LeBlanc,49.59,1.91,3.16,47.68,246,16.20,EMERALD+,2026-10-08T19:13Z
Orianna,Twisted Fate,49.6,2.19,3.44,47.41,248,16.20,EMERALD+,2026-10-08T19:13Z
Orianna,Veigar,50.34,2.18,3.43,48.16,149,16.20,EMERALD+,2026-10-08T19:13Z
Orianna,Diana,50.38,2.0,3.25,48.38,131,16.20,EMERALD+,2026-10-08T19:13Z
Orianna,Yone,50.83,3.25,4.5,47.58,301,16.20,EMERALD+,2026-10-08T19:13Z
Orianna,Zed,52.43,3.24,4.5,49.19,288,16.20,EMERALD+,2026-10-08T19:13Z
Orianna,Galio,52.63,2.85,4.11,49.78,152,16.20,EMERALD+,2026-10-08T19:13Z
Orianna,Ryze,53.77,0.7,1.96,53.07,106,16.20,EMERALD+,2026-10-08T19:13Z
Syndra,Fizz,45.15,-1.68,-3.6,46.83,691,16.20,EMERALD+,2026-10-08T19:13Z
Syndra,Xerath,46.05,-1.23,-3.15,47.28,697,16.20,EMERALD+,2026-10-08T19:13Z
Syndra,Vex,46.15,-0.36,-2.28,46.51,325,16.20,EMERALD+,2026-10-08T19:13Z
Syndra,Locke,46.7,-1.89,-3.81,48.59,773,16.20,EMERALD+,2026-10-08T19:13Z
Syndra,LeBlanc,47.02,-0.68,-2.6,47.7,587,16.20,EMERALD+,2026-10-08T19:13Z
Syndra,Talon,47.14,-1.01,-2.93,48.15,140,16.20,EMERALD+,2026-10-08T19:13Z
Syndra,Qiyana,47.46,-2.31,-4.23,49.77,276,16.20,EMERALD+,2026-10-08T19:13Z
Syndra,Twisted Fate,47.51,-0.01,-1.93,47.52,583,16.20,EMERALD+,2026-10-08T19:13Z
Syndra,Aurelion Sol,47.62,-0.05,-1.97,47.67,189,16.20,EMERALD+,2026-10-08T19:13Z
Syndra,Ekko,47.87,0.53,-1.39,47.34,493,16.20,EMERALD+,2026-10-08T19:13Z
Syndra,Katarina,47.99,-0.1,-2.02,48.09,671,16.20,EMERALD+,2026-10-08T19:13Z
Syndra,Yasuo,48.11,-0.67,-2.59,48.78,819,16.20,EMERALD+,2026-10-08T19:13Z
Syndra,Zoe,48.45,0.98,-0.94,47.47,322,16.20,EMERALD+,2026-10-08T19:13Z
Syndra,Lissandra,49.13,1.7,-0.22,47.43,576,16.20,EMERALD+,2026-10-08T19:13Z
Syndra,Zed,49.14,-0.13,-2.05,49.27,637,16.20,EMERALD+,2026-10-08T19:13Z
Syndra,Hwei,49.6,1.74,-0.18,47.86,504,16.20,EMERALD+,2026-10-08T19:13Z
Syndra,Aurora,49.84,1.9,-0.02,47.94,307,16.20,EMERALD+,2026-10-08T19:13Z
Syndra,Irelia,50.0,0.1,-1.82,49.9,268,16.20,EMERALD+,2026-10-08T19:13Z
Syndra,Lux,50.0,3.21,1.29,46.79,498,16.20,EMERALD+,2026-10-08T19:13Z
Syndra,Akali,50.09,0.91,-1.01,49.18,539,16.20,EMERALD+,2026-10-08T19:13Z
Syndra,Veigar,50.56,2.3,0.38,48.26,360,16.20,EMERALD+,2026-10-08T19:13Z
Syndra,Vladimir,51.16,2.73,0.81,48.43,387,16.20,EMERALD+,2026-10-08T19:13Z
Syndra,Sylas,51.38,0.75,-1.17,50.63,650,16.20,EMERALD+,2026-10-08T19:13Z
Syndra,Vel'Koz,51.43,1.8,-0.12,49.63,105,16.20,EMERALD+,2026-10-08T19:13Z
Syndra,Ahri,51.62,4.38,2.46,47.24,1079,16.20,EMERALD+,2026-10-08T19:13Z
Syndra,Ryze,51.91,-1.12,-3.04,53.03,235,16.20,EMERALD+,2026-10-08T19:13Z
Syndra,Malzahar,52.37,3.37,1.45,49.0,485,16.20,EMERALD+,2026-10-08T19:13Z
Syndra,Yone,52.65,5.08,3.16,47.57,735,16.20,EMERALD+,2026-10-08T19:13Z
Syndra,Viktor,52.65,4.0,2.08,48.65,1339,16.20,EMERALD+,2026-10-08T19:13Z
Syndra,Cassiopeia,52.85,0.62,-1.3,52.23,123,16.20,EMERALD+,2026-10-08T19:13Z
Syndra,Annie,53.14,6.06,4.14,47.08,239,16.20,EMERALD+,2026-10-08T19:13Z
Syndra,Diana,53.94,5.56,3.64,48.38,330,16.20,EMERALD+,2026-10-08T19:13Z
Syndra,Akshan,54.1,4.49,2.57,49.61,244,16.20,EMERALD+,2026-10-08T19:13Z
Syndra,Anivia,54.26,5.71,3.79,48.55,223,16.20,EMERALD+,2026-10-08T19:13Z
Syndra,Galio,54.57,4.74,2.82,49.83,383,16.20,EMERALD+,2026-10-08T19:13Z
Syndra,Azir,55.49,3.46,1.54,52.03,173,16.20,EMERALD+,2026-10-08T19:13Z
Syndra,Kassadin,56.25,7.36,5.44,48.89,304,16.20,EMERALD+,2026-10-08T19:13Z
Syndra,Taliyah,56.47,6.22,4.3,50.25,170,16.20,EMERALD+,2026-10-08T19:13Z
Syndra,Swain,57.55,9.13,7.21,48.42,106,16.20,EMERALD+,2026-10-08T19:13Z
Syndra,Orianna,57.7,5.22,3.3,52.48,409,16.20,EMERALD+,2026-10-08T19:13Z
Syndra,Lucian,61.32,3.52,1.62,57.8,106,16.20,EMERALD+,2026-10-08T19:13Z
Syndra,Mel,62.32,9.44,7.52,52.88,284,16.20,EMERALD+,2026-10-08T19:13Z
Viktor,Locke,44.89,-3.58,-6.13,48.47,969,16.20,EMERALD+,2026-10-08T19:13Z
Viktor,Vel'Koz,45.07,-4.77,-7.32,49.84,142,16.20,EMERALD+,2026-10-08T19:13Z
Viktor,Xerath,46.15,-1.1,-3.65,47.25,973,16.20,EMERALD+,2026-10-08T19:13Z
Viktor,Kog'Maw,47.06,-0.83,-3.38,47.89,102,16.20,EMERALD+,2026-10-08T19:13Z
Viktor,Ahri,47.16,-0.01,-2.56,47.17,1181,16.20,EMERALD+,2026-10-08T19:13Z
Viktor,Zoe,48.66,1.25,-1.3,47.41,337,16.20,EMERALD+,2026-10-08T19:13Z
Viktor,Akali,48.67,-0.48,-3.03,49.15,824,16.20,EMERALD+,2026-10-08T19:13Z
Viktor,Ekko,48.87,1.45,-1.1,47.42,575,16.20,EMERALD+,2026-10-08T19:13Z
Viktor,Kassadin,48.94,0.07,-2.48,48.87,331,16.20,EMERALD+,2026-10-08T19:13Z
Viktor,Nasus,49.19,1.09,-1.46,48.1,124,16.20,EMERALD+,2026-10-08T19:13Z
Viktor,Syndra,49.2,-0.05,-2.6,49.25,1309,16.20,EMERALD+,2026-10-08T19:13Z
Viktor,Akshan,49.25,-0.19,-2.74,49.44,266,16.20,EMERALD+,2026-10-08T19:13Z
Viktor,Diana,49.36,0.98,-1.57,48.38,393,16.20,EMERALD+,2026-10-08T19:13Z
Viktor,Vladimir,49.9,1.36,-1.19,48.54,479,16.20,EMERALD+,2026-10-08T19:13Z
Viktor,Anivia,50.0,1.41,-1.14,48.59,274,16.20,EMERALD+,2026-10-08T19:13Z
Viktor,Irelia,50.0,0.19,-2.36,49.81,396,16.20,EMERALD+,2026-10-08T19:13Z
Viktor,Lux,50.26,3.49,0.94,46.77,569,16.20,EMERALD+,2026-10-08T19:13Z
Viktor,Hwei,50.32,2.5,-0.05,47.82,622,16.20,EMERALD+,2026-10-08T19:13Z
Viktor,Zed,50.39,1.2,-1.35,49.19,891,16.20,EMERALD+,2026-10-08T19:13Z
Viktor,Aurelion Sol,50.43,2.76,0.21,47.67,234,16.20,EMERALD+,2026-10-08T19:13Z
Viktor,Talon,50.48,2.36,-0.19,48.12,210,16.20,EMERALD+,2026-10-08T19:13Z
Viktor,Yone,50.92,3.34,0.79,47.58,1192,16.20,EMERALD+,2026-10-08T19:13Z
Viktor,Swain,51.09,2.43,-0.12,48.66,137,16.20,EMERALD+,2026-10-08T19:13Z
Viktor,Malzahar,51.13,2.27,-0.28,48.86,618,16.20,EMERALD+,2026-10-08T19:13Z
Viktor,Galio,51.16,1.38,-1.17,49.78,516,16.20,EMERALD+,2026-10-08T19:13Z
Viktor,Qiyana,51.27,1.56,-0.99,49.71,314,16.20,EMERALD+,2026-10-08T19:13Z
Viktor,Katarina,51.35,3.29,0.74,48.06,666,16.20,EMERALD+,2026-10-08T19:13Z
Viktor,Fizz,51.43,4.71,2.16,46.72,523,16.20,EMERALD+,2026-10-08T19:13Z
Viktor,Twisted Fate,51.96,4.55,2.0,47.41,818,16.20,EMERALD+,2026-10-08T19:13Z
Viktor,Veigar,52.1,3.94,1.39,48.16,476,16.20,EMERALD+,2026-10-08T19:13Z
Viktor,Aurora,52.44,4.41,1.86,48.03,328,16.20,EMERALD+,2026-10-08T19:13Z
Viktor,Yasuo,52.69,3.91,1.36,48.78,1021,16.20,EMERALD+,2026-10-08T19:13Z
Viktor,Cassiopeia,53.8,1.7,-0.85,52.1,158,16.20,EMERALD+,2026-10-08T19:13Z
Viktor,LeBlanc,54.05,6.37,3.82,47.68,618,16.20,EMERALD+,2026-10-08T19:13Z
Viktor,Sylas,54.06,3.42,0.87,50.64,1021,16.20,EMERALD+,2026-10-08T19:13Z
Viktor,Orianna,54.29,1.75,-0.8,52.54,466,16.20,EMERALD+,2026-10-08T19:13Z
Viktor,Lissandra,54.71,7.34,4.79,47.37,711,16.20,EMERALD+,2026-10-08T19:13Z
Viktor,Vex,54.73,8.27,5.72,46.46,296,16.20,EMERALD+,2026-10-08T19:13Z
Viktor,Azir,55.19,3.09,0.54,52.1,212,16.20,EMERALD+,2026-10-08T19:13Z
Viktor,Lucian,56.19,-1.62,-4.13,57.81,105,16.20,EMERALD+,2026-10-08T19:13Z
Viktor,Annie,58.05,10.92,8.37,47.13,174,16.20,EMERALD+,2026-10-08T19:13Z
Viktor,Ryze,59.89,6.82,4.28,53.07,349,16.20,EMERALD+,2026-10-08T19:13Z
Viktor,Taliyah,60.0,9.75,7.2,50.25,190,16.20,EMERALD+,2026-10-08T19:13Z
Viktor,Mel,60.09,7.3,4.76,52.79,228,16.20,EMERALD+,2026-10-08T19:13Z
Azir,Vladimir,41.18,-7.25,-6.48,48.43,102,16.20,EMERALD+,2026-10-08T19:13Z
Azir,Locke,42.02,-6.57,-5.8,48.59,188,16.20,EMERALD+,2026-10-08T19:13Z
Azir,Ekko,43.27,-4.07,-3.31,47.34,104,16.20,EMERALD+,2026-10-08T19:13Z
Azir,Sylas,44.63,-6.0,-5.23,50.63,177,16.20,EMERALD+,2026-10-08T19:13Z
Azir,Syndra,45.03,-4.31,-3.54,49.34,171,16.20,EMERALD+,2026-10-08T19:13Z
Azir,Ahri,46.05,-1.19,-0.43,47.24,228,16.20,EMERALD+,2026-10-08T19:13Z
Azir,Viktor,46.7,-1.95,-1.18,48.65,212,16.20,EMERALD+,2026-10-08T19:13Z
Azir,Yasuo,47.62,-1.16,-0.39,48.78,294,16.20,EMERALD+,2026-10-08T19:13Z
Azir,Twisted Fate,48.25,0.73,1.49,47.52,143,16.20,EMERALD+,2026-10-08T19:13Z
Azir,Akali,48.44,-0.74,0.03,49.18,128,16.20,EMERALD+,2026-10-08T19:13Z
Azir,LeBlanc,49.34,1.64,2.4,47.7,152,16.20,EMERALD+,2026-10-08T19:13Z
Azir,Yone,49.77,2.2,2.96,47.57,217,16.20,EMERALD+,2026-10-08T19:13Z
Azir,Fizz,50.0,3.17,3.93,46.83,112,16.20,EMERALD+,2026-10-08T19:13Z
Azir,Zed,50.0,0.73,1.5,49.27,186,16.20,EMERALD+,2026-10-08T19:13Z
Azir,Lissandra,52.78,5.35,6.11,47.43,108,16.20,EMERALD+,2026-10-08T19:13Z
Azir,Katarina,53.06,4.97,5.73,48.09,147,16.20,EMERALD+,2026-10-08T19:13Z
Azir,Malzahar,53.7,4.7,5.47,49.0,108,16.20,EMERALD+,2026-10-08T19:13Z
Azir,Xerath,54.74,7.46,8.22,47.28,137,16.20,EMERALD+,2026-10-08T19:13Z
Azir,Lux,56.86,10.07,10.83,46.79,102,16.20,EMERALD+,2026-10-08T19:13Z
Ahri,Kog'Maw,47.06,-0.83,-4.94,47.89,119,16.20,EMERALD+,2026-10-08T19:13Z
Ahri,Zoe,47.92,0.51,-3.6,47.41,384,16.20,EMERALD+,2026-10-08T19:13Z
Ahri,Katarina,48.7,0.64,-3.47,48.06,844,16.20,EMERALD+,2026-10-08T19:13Z
Ahri,Fizz,48.85,2.13,-1.98,46.72,567,16.20,EMERALD+,2026-10-08T19:13Z
Ahri,Annie,49.32,2.19,-1.92,47.13,296,16.20,EMERALD+,2026-10-08T19:13Z
Ahri,Qiyana,49.86,0.15,-3.96,49.71,355,16.20,EMERALD+,2026-10-08T19:13Z
Ahri,Anivia,50.0,1.41,-2.7,48.59,264,16.20,EMERALD+,2026-10-08T19:13Z
Ahri,Zed,50.31,1.12,-2.99,49.19,958,16.20,EMERALD+,2026-10-08T19:13Z
Ahri,Syndra,50.63,1.38,-2.73,49.25,1037,16.20,EMERALD+,2026-10-08T19:13Z
Ahri,Vex,50.67,4.21,0.1,46.46,371,16.20,EMERALD+,2026-10-08T19:13Z
Ahri,Twisted Fate,50.76,3.35,-0.76,47.41,662,16.20,EMERALD+,2026-10-08T19:13Z
Ahri,Nasus,50.96,2.86,-1.25,48.1,104,16.20,EMERALD+,2026-10-08T19:13Z
Ahri,Mel,51.01,-1.78,-5.87,52.79,545,16.20,EMERALD+,2026-10-08T19:13Z
Ahri,Aurelion Sol,51.05,3.38,-0.73,47.67,190,16.20,EMERALD+,2026-10-08T19:13Z
Ahri,LeBlanc,51.26,3.58,-0.53,47.68,751,16.20,EMERALD+,2026-10-08T19:13Z
Ahri,Xerath,51.39,4.14,0.03,47.25,539,16.20,EMERALD+,2026-10-08T19:13Z
Ahri,Cassiopeia,51.49,-0.61,-4.71,52.1,101,16.20,EMERALD+,2026-10-08T19:13Z
Ahri,Kassadin,51.51,2.64,-1.47,48.87,365,16.20,EMERALD+,2026-10-08T19:13Z
Ahri,Akali,51.51,2.36,-1.75,49.15,662,16.20,EMERALD+,2026-10-08T19:13Z
Ahri,Vladimir,51.6,3.06,-1.05,48.54,531,16.20,EMERALD+,2026-10-08T19:13Z
Ahri,Locke,51.73,3.26,-0.85,48.47,723,16.20,EMERALD+,2026-10-08T19:13Z
Ahri,Talon,51.93,3.81,-0.3,48.12,233,16.20,EMERALD+,2026-10-08T19:13Z
Ahri,Ekko,52.01,4.59,0.48,47.42,571,16.20,EMERALD+,2026-10-08T19:13Z
Ahri,Lux,52.1,5.33,1.22,46.77,524,16.20,EMERALD+,2026-10-08T19:13Z
Ahri,Lissandra,52.2,4.83,0.72,47.37,749,16.20,EMERALD+,2026-10-08T19:13Z
Ahri,Veigar,52.3,4.14,0.03,48.16,543,16.20,EMERALD+,2026-10-08T19:13Z
Ahri,Malzahar,52.36,3.5,-0.61,48.86,592,16.20,EMERALD+,2026-10-08T19:13Z
Ahri,Aurora,52.51,4.48,0.37,48.03,398,16.20,EMERALD+,2026-10-08T19:13Z
Ahri,Yasuo,52.56,3.78,-0.33,48.78,997,16.20,EMERALD+,2026-10-08T19:13Z
Ahri,Diana,53.07,4.69,0.58,48.38,407,16.20,EMERALD+,2026-10-08T19:13Z
Ahri,Ryze,53.44,0.37,-3.72,53.07,262,16.20,EMERALD+,2026-10-08T19:13Z
Ahri,Hwei,54.51,6.69,2.58,47.82,488,16.20,EMERALD+,2026-10-08T19:13Z
Ahri,Yone,54.69,7.11,3.0,47.58,938,16.20,EMERALD+,2026-10-08T19:13Z
Ahri,Galio,54.79,5.01,0.9,49.78,449,16.20,EMERALD+,2026-10-08T19:13Z
Ahri,Sylas,54.95,4.31,0.2,50.64,1252,16.20,EMERALD+,2026-10-08T19:13Z
Ahri,Viktor,55.38,6.65,2.54,48.73,1161,16.20,EMERALD+,2026-10-08T19:13Z
Ahri,Irelia,55.43,5.62,1.51,49.81,350,16.20,EMERALD+,2026-10-08T19:13Z
Ahri,Orianna,56.03,3.49,-0.6,52.54,398,16.20,EMERALD+,2026-10-08T19:13Z
Ahri,Akshan,56.34,6.9,2.79,49.44,284,16.20,EMERALD+,2026-10-08T19:13Z
Ahri,Azir,57.02,4.92,0.82,52.1,228,16.20,EMERALD+,2026-10-08T19:13Z
Ahri,Swain,57.26,8.6,4.49,48.66,124,16.20,EMERALD+,2026-10-08T19:13Z
Ahri,Taliyah,57.29,7.04,2.93,50.25,192,16.20,EMERALD+,2026-10-08T19:13Z
Ahri,Vel'Koz,58.18,8.34,4.23,49.84,110,16.20,EMERALD+,2026-10-08T19:13Z
Hwei,Katarina,44.48,-3.58,-7.04,48.06,290,16.20,EMERALD+,2026-10-08T19:13Z
Hwei,Aurora,45.75,-2.28,-5.74,48.03,153,16.20,EMERALD+,2026-10-08T19:13Z
Hwei,Twisted Fate,46.36,-1.05,-4.51,47.41,302,16.20,EMERALD+,2026-10-08T19:13Z
Hwei,Fizz,46.56,-0.16,-3.62,46.72,247,16.20,EMERALD+,2026-10-08T19:13Z
Hwei,Ahri,48.45,1.28,-2.18,47.17,485,16.20,EMERALD+,2026-10-08T19:13Z
Hwei,Lux,49.35,2.58,-0.88,46.77,231,16.20,EMERALD+,2026-10-08T19:13Z
Hwei,Xerath,49.87,2.62,-0.84,47.25,381,16.20,EMERALD+,2026-10-08T19:13Z
Hwei,Zoe,50.0,2.59,-0.87,47.41,146,16.20,EMERALD+,2026-10-08T19:13Z
Hwei,Lissandra,50.18,2.81,-0.65,47.37,281,16.20,EMERALD+,2026-10-08T19:13Z
Hwei,Orianna,50.28,-2.26,-5.71,52.54,177,16.20,EMERALD+,2026-10-08T19:13Z
Hwei,Yasuo,51.25,2.47,-0.99,48.78,400,16.20,EMERALD+,2026-10-08T19:13Z
Hwei,Yone,51.36,3.78,0.32,47.58,368,16.20,EMERALD+,2026-10-08T19:13Z
Hwei,Viktor,51.83,3.1,-0.36,48.73,629,16.20,EMERALD+,2026-10-08T19:13Z
Hwei,Diana,51.85,3.47,0.01,48.38,162,16.20,EMERALD+,2026-10-08T19:13Z
Hwei,Irelia,52.03,2.22,-1.24,49.81,148,16.20,EMERALD+,2026-10-08T19:13Z
Hwei,Sylas,52.22,1.58,-1.88,50.64,360,16.20,EMERALD+,2026-10-08T19:13Z
Hwei,Malzahar,52.26,3.4,-0.06,48.86,287,16.20,EMERALD+,2026-10-08T19:13Z
Hwei,Zed,52.33,3.14,-0.32,49.19,365,16.20,EMERALD+,2026-10-08T19:13Z
Hwei,Syndra,52.45,3.2,-0.26,49.25,490,16.20,EMERALD+,2026-10-08T19:13Z
Hwei,Locke,52.7,4.23,0.77,48.47,370,16.20,EMERALD+,2026-10-08T19:13Z
Hwei,Mel,53.28,0.49,-2.96,52.79,137,16.20,EMERALD+,2026-10-08T19:13Z
Hwei,LeBlanc,53.39,5.71,2.25,47.68,236,16.20,EMERALD+,2026-10-08T19:13Z
Hwei,Ekko,54.19,6.77,3.31,47.42,203,16.20,EMERALD+,2026-10-08T19:13Z
Hwei,Galio,55.39,5.61,2.15,49.78,204,16.20,EMERALD+,2026-10-08T19:13Z
Hwei,Veigar,55.74,7.58,4.12,48.16,183,16.20,EMERALD+,2026-10-08T19:13Z
Hwei,Vladimir,56.19,7.65,4.19,48.54,226,16.20,EMERALD+,2026-10-08T19:13Z
Hwei,Kassadin,56.2,7.33,3.87,48.87,121,16.20,EMERALD+,2026-10-08T19:13Z
Hwei,Qiyana,58.17,8.46,5.0,49.71,153,16.20,EMERALD+,2026-10-08T19:13Z
Hwei,Akshan,58.41,8.97,5.51,49.44,113,16.20,EMERALD+,2026-10-08T19:13Z
Hwei,Vex,59.3,12.84,9.38,46.46,172,16.20,EMERALD+,2026-10-08T19:13Z
Hwei,Akali,60.16,11.01,7.55,49.15,256,16.20,EMERALD+,2026-10-08T19:13Z
Hwei,Ryze,61.54,8.47,5.02,53.07,104,16.20,EMERALD+,2026-10-08T19:13Z
Hwei,Anivia,68.42,19.83,16.37,48.59,133,16.20,EMERALD+,2026-10-08T19:13Z
Taliyah,Viktor,41.71,-7.02,-8.05,48.73,187,16.20,EMERALD+,2026-10-08T19:13Z
Taliyah,Syndra,43.86,-5.39,-6.42,49.25,171,16.20,EMERALD+,2026-10-08T19:13Z
Taliyah,Yone,45.59,-1.99,-3.02,47.58,136,16.20,EMERALD+,2026-10-08T19:13Z
Taliyah,Ahri,45.88,-1.29,-2.32,47.17,194,16.20,EMERALD+,2026-10-08T19:13Z
Taliyah,Locke,48.44,-0.03,-1.06,48.47,128,16.20,EMERALD+,2026-10-08T19:13Z
Taliyah,Twisted Fate,49.24,1.83,0.8,47.41,132,16.20,EMERALD+,2026-10-08T19:13Z
Taliyah,Lissandra,51.46,4.09,3.06,47.37,103,16.20,EMERALD+,2026-10-08T19:13Z
Taliyah,Yasuo,51.71,2.93,1.9,48.78,234,16.20,EMERALD+,2026-10-08T19:13Z
Taliyah,Sylas,54.05,3.41,2.38,50.64,185,16.20,EMERALD+,2026-10-08T19:13Z
Xerath,Akshan,35.71,-13.73,-17.76,49.44,126,16.20,EMERALD+,2026-10-08T19:13Z
Xerath,Zoe,43.95,-3.46,-7.49,47.41,157,16.20,EMERALD+,2026-10-08T19:13Z
Xerath,Irelia,44.14,-5.67,-9.7,49.81,145,16.20,EMERALD+,2026-10-08T19:13Z
Xerath,Kassadin,46.3,-2.57,-6.6,48.87,162,16.20,EMERALD+,2026-10-08T19:13Z
Xerath,Azir,46.76,-5.34,-9.36,52.1,139,16.20,EMERALD+,2026-10-08T19:13Z
Xerath,Yone,47.26,-0.32,-4.35,47.58,457,16.20,EMERALD+,2026-10-08T19:13Z
Xerath,Katarina,47.5,-0.56,-4.59,48.06,320,16.20,EMERALD+,2026-10-08T19:13Z
Xerath,Akali,47.84,-1.31,-5.34,49.15,255,16.20,EMERALD+,2026-10-08T19:13Z
Xerath,Locke,49.29,0.82,-3.21,48.47,353,16.20,EMERALD+,2026-10-08T19:13Z
Xerath,Twisted Fate,49.56,2.15,-1.88,47.41,343,16.20,EMERALD+,2026-10-08T19:13Z
Xerath,Ekko,50.0,2.58,-1.45,47.42,236,16.20,EMERALD+,2026-10-08T19:13Z
Xerath,Fizz,50.14,3.42,-0.61,46.72,369,16.20,EMERALD+,2026-10-08T19:13Z
Xerath,Vex,50.32,3.86,-0.17,46.46,157,16.20,EMERALD+,2026-10-08T19:13Z
Xerath,Galio,50.78,1.0,-3.03,49.78,193,16.20,EMERALD+,2026-10-08T19:13Z
Xerath,Sylas,51.09,0.45,-3.58,50.64,368,16.20,EMERALD+,2026-10-08T19:13Z
Xerath,Yasuo,51.48,2.7,-1.33,48.78,439,16.20,EMERALD+,2026-10-08T19:13Z
Xerath,Ahri,52.09,4.92,0.89,47.17,526,16.20,EMERALD+,2026-10-08T19:13Z
Xerath,Anivia,52.33,3.74,-0.29,48.59,172,16.20,EMERALD+,2026-10-08T19:13Z
Xerath,Vladimir,52.38,3.84,-0.19,48.54,189,16.20,EMERALD+,2026-10-08T19:13Z
Xerath,Hwei,52.43,4.61,0.58,47.82,370,16.20,EMERALD+,2026-10-08T19:13Z
Xerath,Qiyana,52.76,3.05,-0.98,49.71,163,16.20,EMERALD+,2026-10-08T19:13Z
Xerath,Lux,53.18,6.41,2.38,46.77,346,16.20,EMERALD+,2026-10-08T19:13Z
Xerath,Annie,53.38,6.25,2.22,47.13,133,16.20,EMERALD+,2026-10-08T19:13Z
Xerath,Zed,54.08,4.89,0.86,49.19,429,16.20,EMERALD+,2026-10-08T19:13Z
Xerath,Aurora,54.22,6.19,2.16,48.03,166,16.20,EMERALD+,2026-10-08T19:13Z
Xerath,Lissandra,54.5,7.13,3.1,47.37,389,16.20,EMERALD+,2026-10-08T19:13Z
Xerath,Veigar,54.94,6.78,2.75,48.16,253,16.20,EMERALD+,2026-10-08T19:13Z
Xerath,LeBlanc,55.03,7.35,3.32,47.68,378,16.20,EMERALD+,2026-10-08T19:13Z
Xerath,Syndra,55.65,6.4,2.37,49.25,690,16.20,EMERALD+,2026-10-08T19:13Z
Xerath,Viktor,56.19,7.46,3.43,48.73,961,16.20,EMERALD+,2026-10-08T19:13Z
Xerath,Diana,58.6,10.22,6.19,48.38,186,16.20,EMERALD+,2026-10-08T19:13Z
Xerath,Malzahar,59.02,10.16,6.13,48.86,388,16.20,EMERALD+,2026-10-08T19:13Z
Xerath,Mel,59.18,6.39,2.38,52.79,196,16.20,EMERALD+,2026-10-08T19:13Z
Xerath,Orianna,61.81,9.27,5.25,52.54,199,16.20,EMERALD+,2026-10-08T19:13Z
Ziggs,Jhin,47.51,-1.46,-5.63,48.97,421,16.20,EMERALD+,2026-10-08T19:13Z
Ziggs,Smolder,48.77,-0.38,-4.55,49.15,162,16.20,EMERALD+,2026-10-08T19:13Z
Ziggs,Lucian,49.36,-0.51,-4.68,49.87,156,16.20,EMERALD+,2026-10-08T19:13Z
Ziggs,Draven,50.0,0.98,-3.19,49.02,108,16.20,EMERALD+,2026-10-08T19:13Z
Ziggs,Jinx,51.94,5.36,1.19,46.58,335,16.20,EMERALD+,2026-10-08T19:13Z
Ziggs,Kai'Sa,53.07,4.03,-0.14,49.04,407,16.20,EMERALD+,2026-10-08T19:13Z
Ziggs,Tristana,53.33,5.99,1.82,47.34,240,16.20,EMERALD+,2026-10-08T19:13Z
Ziggs,Twitch,53.91,6.14,1.97,47.77,115,16.20,EMERALD+,2026-10-08T19:13Z
Ziggs,Ashe,53.97,4.83,0.66,49.14,126,16.20,EMERALD+,2026-10-08T19:13Z
Ziggs,Caitlyn,55.77,6.24,2.07,49.53,407,16.20,EMERALD+,2026-10-08T19:13Z
Ziggs,Aphelios,56.92,8.28,4.11,48.64,195,16.20,EMERALD+,2026-10-08T19:13Z
Ziggs,Yunara,56.93,7.17,3.0,49.76,202,16.20,EMERALD+,2026-10-08T19:13Z
Ziggs,Miss Fortune,57.04,8.16,3.99,48.88,135,16.20,EMERALD+,2026-10-08T19:13Z
Ziggs,Ezreal,59.62,7.34,3.18,52.28,265,16.20,EMERALD+,2026-10-08T19:13Z
Vel'Koz,Zilean,37.61,-9.71,-12.6,47.32,117,16.20,EMERALD+,2026-10-08T19:13Z
Vel'Koz,Alistar,39.52,-8.25,-11.14,47.77,124,16.20,EMERALD+,2026-10-08T19:13Z
Vel'Koz,Rell,43.24,-3.77,-6.66,47.01,111,16.20,EMERALD+,2026-10-08T19:13Z
Vel'Koz,Xerath,46.36,-2.86,-5.75,49.22,151,16.20,EMERALD+,2026-10-08T19:13Z
Vel'Koz,Rakan,46.67,-0.79,-3.68,47.46,135,16.20,EMERALD+,2026-10-08T19:13Z
Vel'Koz,Zyra,46.79,-2.19,-5.08,48.98,109,16.20,EMERALD+,2026-10-08T19:13Z
Vel'Koz,Pyke,47.9,-0.76,-3.65,48.66,167,16.20,EMERALD+,2026-10-08T19:13Z
Vel'Koz,Morgana,48.72,0.41,-2.48,48.31,156,16.20,EMERALD+,2026-10-08T19:13Z
Vel'Koz,Blitzcrank,49.17,1.66,-1.23,47.51,301,16.20,EMERALD+,2026-10-08T19:13Z
Vel'Koz,Lux,49.38,0.82,-2.07,48.56,320,16.20,EMERALD+,2026-10-08T19:13Z
Vel'Koz,Karma,49.63,-0.39,-3.28,50.02,272,16.20,EMERALD+,2026-10-08T19:13Z
Vel'Koz,Tahm Kench,50.49,3.34,0.45,47.15,103,16.20,EMERALD+,2026-10-08T19:13Z
Vel'Koz,Yuumi,51.02,-0.52,-3.41,51.54,196,16.20,EMERALD+,2026-10-08T19:13Z
Vel'Koz,Soraka,51.16,2.82,-0.07,48.34,172,16.20,EMERALD+,2026-10-08T19:13Z
Vel'Koz,Nautilus,51.69,2.61,-0.28,49.08,414,16.20,EMERALD+,2026-10-08T19:13Z
Vel'Koz,Braum,52.17,5.3,2.41,46.87,161,16.20,EMERALD+,2026-10-08T19:13Z
Vel'Koz,Thresh,52.6,5.95,3.06,46.65,597,16.20,EMERALD+,2026-10-08T19:13Z
Vel'Koz,Nami,52.84,4.67,1.78,48.17,352,16.20,EMERALD+,2026-10-08T19:13Z
Vel'Koz,Senna,53.09,5.34,2.45,47.75,194,16.20,EMERALD+,2026-10-08T19:13Z
Vel'Koz,Swain,53.45,3.05,0.16,50.4,116,16.20,EMERALD+,2026-10-08T19:13Z
Vel'Koz,Leona,53.72,7.04,4.15,46.68,242,16.20,EMERALD+,2026-10-08T19:13Z
Vel'Koz,Janna,53.78,6.6,3.71,47.18,225,16.20,EMERALD+,2026-10-08T19:13Z
Vel'Koz,Lulu,53.82,4.64,1.75,49.18,524,16.20,EMERALD+,2026-10-08T19:13Z
Vel'Koz,Bard,55.63,5.4,2.51,50.23,160,16.20,EMERALD+,2026-10-08T19:13Z
Vel'Koz,Milio,56.22,7.39,4.5,48.83,217,16.20,EMERALD+,2026-10-08T19:13Z
Vel'Koz,Seraphine,58.16,9.78,6.89,48.38,282,16.20,EMERALD+,2026-10-08T19:13Z
Vel'Koz,Brand,61.06,11.66,8.77,49.4,113,16.20,EMERALD+,2026-10-08T19:13Z
Lux,Tahm Kench,43.69,-3.46,-6.16,47.15,222,16.20,EMERALD+,2026-10-08T19:13Z
Lux,Sona,44.71,-2.11,-4.81,46.82,208,16.20,EMERALD+,2026-10-08T19:13Z
Lux,Rell,45.8,-1.21,-3.91,47.01,238,16.20,EMERALD+,2026-10-08T19:13Z
Lux,Janna,46.44,-0.74,-3.44,47.18,435,16.20,EMERALD+,2026-10-08T19:13Z
Lux,Nami,46.46,-1.71,-4.41,48.17,790,16.20,EMERALD+,2026-10-08T19:13Z
Lux,Soraka,47.1,-1.24,-3.94,48.34,414,16.20,EMERALD+,2026-10-08T19:13Z
Lux,Braum,47.29,0.42,-2.28,46.87,351,16.20,EMERALD+,2026-10-08T19:13Z
Lux,Pyke,48.96,0.3,-2.4,48.66,627,16.20,EMERALD+,2026-10-08T19:13Z
Lux,Milio,49.12,0.29,-2.41,48.83,623,16.20,EMERALD+,2026-10-08T19:13Z
Lux,Thresh,49.28,2.63,-0.07,46.65,1457,16.20,EMERALD+,2026-10-08T19:13Z
Lux,Xerath,49.36,0.14,-2.56,49.22,543,16.20,EMERALD+,2026-10-08T19:13Z
Lux,Blitzcrank,49.4,1.89,-0.81,47.51,751,16.20,EMERALD+,2026-10-08T19:13Z
Lux,Neeko,50.0,0.58,-2.12,49.42,172,16.20,EMERALD+,2026-10-08T19:13Z
Lux,Leona,50.17,3.49,0.79,46.68,582,16.20,EMERALD+,2026-10-08T19:13Z
Lux,Shaco,50.43,-1.3,-4.0,51.73,115,16.20,EMERALD+,2026-10-08T19:13Z
Lux,Yuumi,50.59,-0.95,-3.65,51.54,508,16.20,EMERALD+,2026-10-08T19:13Z
Lux,Alistar,50.85,3.08,0.38,47.77,352,16.20,EMERALD+,2026-10-08T19:13Z
Lux,Rakan,50.96,3.5,0.8,47.46,261,16.20,EMERALD+,2026-10-08T19:13Z
Lux,Camille,51.65,-0.3,-3.0,51.95,182,16.20,EMERALD+,2026-10-08T19:13Z
Lux,Brand,51.84,2.44,-0.26,49.4,326,16.20,EMERALD+,2026-10-08T19:13Z
Lux,Maokai,51.91,3.19,0.49,48.72,131,16.20,EMERALD+,2026-10-08T19:13Z
Lux,Swain,52.0,1.6,-1.1,50.4,325,16.20,EMERALD+,2026-10-08T19:13Z
Lux,Zilean,52.22,4.9,2.2,47.32,270,16.20,EMERALD+,2026-10-08T19:13Z
Lux,Morgana,52.24,3.93,1.23,48.31,492,16.20,EMERALD+,2026-10-08T19:13Z
Lux,Lulu,52.48,3.3,0.6,49.18,1147,16.20,EMERALD+,2026-10-08T19:13Z
Lux,Nautilus,52.91,3.83,1.13,49.08,945,16.20,EMERALD+,2026-10-08T19:13Z
Lux,Karma,53.22,3.2,0.5,50.02,746,16.20,EMERALD+,2026-10-08T19:13Z
Lux,Seraphine,54.04,5.66,2.96,48.38,742,16.20,EMERALD+,2026-10-08T19:13Z
Lux,Zyra,54.26,5.28,2.58,48.98,258,16.20,EMERALD+,2026-10-08T19:13Z
Lux,Pantheon,54.29,5.76,3.06,48.53,315,16.20,EMERALD+,2026-10-08T19:13Z
Lux,Sylas,54.61,2.86,0.16,51.75,141,16.20,EMERALD+,2026-10-08T19:13Z
Lux,Senna,54.78,7.03,4.33,47.75,575,16.20,EMERALD+,2026-10-08T19:13Z
Lux,Ashe,56.0,2.65,-0.04,53.35,100,16.20,EMERALD+,2026-10-08T19:13Z
Lux,Vel'Koz,56.29,7.92,5.22,48.37,318,16.20,EMERALD+,2026-10-08T19:13Z
Lux,Bard,56.88,6.65,3.95,50.23,378,16.20,EMERALD+,2026-10-08T19:13Z
Lux,Poppy,58.41,10.07,7.37,48.34,113,16.20,EMERALD+,2026-10-08T19:13Z
Lux,Mel,60.56,7.54,4.85,53.02,142,16.20,EMERALD+,2026-10-08T19:13Z
Lissandra,Vex,45.51,-1.0,-4.83,46.51,167,16.20,EMERALD+,2026-10-08T19:13Z
Lissandra,Annie,46.02,-1.06,-4.89,47.08,113,16.20,EMERALD+,2026-10-08T19:13Z
Lissandra,Viktor,46.35,-2.3,-6.13,48.65,712,16.20,EMERALD+,2026-10-08T19:13Z
Lissandra,Aurelion Sol,46.58,-1.09,-4.92,47.67,146,16.20,EMERALD+,2026-10-08T19:13Z
Lissandra,Twisted Fate,47.26,-0.26,-4.09,47.52,383,16.20,EMERALD+,2026-10-08T19:13Z
Lissandra,Lux,49.2,2.41,-1.42,46.79,311,16.20,EMERALD+,2026-10-08T19:13Z
Lissandra,Galio,49.28,-0.55,-4.38,49.83,278,16.20,EMERALD+,2026-10-08T19:13Z
Lissandra,Xerath,49.87,2.59,-1.24,47.28,391,16.20,EMERALD+,2026-10-08T19:13Z
Lissandra,Locke,49.91,1.32,-2.51,48.59,571,16.20,EMERALD+,2026-10-08T19:13Z
Lissandra,Syndra,50.09,0.75,-3.08,49.34,573,16.20,EMERALD+,2026-10-08T19:13Z
Lissandra,Ahri,50.44,3.2,-0.63,47.24,799,16.20,EMERALD+,2026-10-08T19:13Z
Lissandra,Azir,50.48,-1.55,-5.37,52.03,105,16.20,EMERALD+,2026-10-08T19:13Z
Lissandra,Fizz,50.94,4.11,0.28,46.83,534,16.20,EMERALD+,2026-10-08T19:13Z
Lissandra,Anivia,50.98,2.43,-1.4,48.55,153,16.20,EMERALD+,2026-10-08T19:13Z
Lissandra,Taliyah,51.79,1.54,-2.29,50.25,112,16.20,EMERALD+,2026-10-08T19:13Z
Lissandra,Aurora,52.02,4.08,0.25,47.94,198,16.20,EMERALD+,2026-10-08T19:13Z
Lissandra,Ekko,52.15,4.81,0.98,47.34,395,16.20,EMERALD+,2026-10-08T19:13Z
Lissandra,Zoe,52.24,4.77,0.94,47.47,201,16.20,EMERALD+,2026-10-08T19:13Z
Lissandra,Akshan,52.55,2.94,-0.89,49.61,137,16.20,EMERALD+,2026-10-08T19:13Z
Lissandra,Yone,52.56,4.99,1.16,47.57,624,16.20,EMERALD+,2026-10-08T19:13Z
Lissandra,Zed,53.09,3.82,-0.01,49.27,906,16.20,EMERALD+,2026-10-08T19:13Z
Lissandra,Kassadin,53.47,4.58,0.75,48.89,202,16.20,EMERALD+,2026-10-08T19:13Z
Lissandra,Irelia,53.54,3.64,-0.19,49.9,198,16.20,EMERALD+,2026-10-08T19:13Z
Lissandra,Vladimir,53.59,5.16,1.33,48.43,306,16.20,EMERALD+,2026-10-08T19:13Z
Lissandra,Hwei,53.68,5.82,1.99,47.86,272,16.20,EMERALD+,2026-10-08T19:13Z
Lissandra,Yasuo,53.95,5.17,1.34,48.78,912,16.20,EMERALD+,2026-10-08T19:13Z
Lissandra,Qiyana,54.26,4.49,0.66,49.77,223,16.20,EMERALD+,2026-10-08T19:13Z
Lissandra,Ryze,54.49,1.46,-2.35,53.03,156,16.20,EMERALD+,2026-10-08T19:13Z
Lissandra,Sylas,54.53,3.9,0.07,50.63,651,16.20,EMERALD+,2026-10-08T19:13Z
Lissandra,LeBlanc,54.75,7.05,3.22,47.7,610,16.20,EMERALD+,2026-10-08T19:13Z
Lissandra,Katarina,55.17,7.08,3.25,48.09,687,16.20,EMERALD+,2026-10-08T19:13Z
Lissandra,Talon,56.76,8.61,4.78,48.15,148,16.20,EMERALD+,2026-10-08T19:13Z
Lissandra,Orianna,57.2,4.72,0.9,52.48,236,16.20,EMERALD+,2026-10-08T19:13Z
Lissandra,Akali,57.32,8.14,4.31,49.18,574,16.20,EMERALD+,2026-10-08T19:13Z
Lissandra,Diana,57.42,9.04,5.21,48.38,256,16.20,EMERALD+,2026-10-08T19:13Z
Lissandra,Malzahar,57.89,8.89,5.06,49.0,361,16.20,EMERALD+,2026-10-08T19:13Z
Lissandra,Veigar,57.98,9.72,5.89,48.26,257,16.20,EMERALD+,2026-10-08T19:13Z
Lissandra,Mel,61.14,8.26,4.45,52.88,175,16.20,EMERALD+,2026-10-08T19:13Z
Malzahar,Annie,40.71,-6.37,-8.63,47.08,113,16.20,EMERALD+,2026-10-08T19:13Z
Malzahar,Galio,41.71,-8.12,-10.38,49.83,211,16.20,EMERALD+,2026-10-08T19:13Z
Malzahar,Talon,42.98,-5.17,-7.43,48.15,114,16.20,EMERALD+,2026-10-08T19:13Z
Malzahar,Aurora,44.19,-3.75,-6.01,47.94,172,16.20,EMERALD+,2026-10-08T19:13Z
Malzahar,Xerath,46.15,-1.13,-3.39,47.28,390,16.20,EMERALD+,2026-10-08T19:13Z
Malzahar,Fizz,46.67,-0.16,-2.42,46.83,345,16.20,EMERALD+,2026-10-08T19:13Z
Malzahar,Vex,46.79,0.28,-1.98,46.51,156,16.20,EMERALD+,2026-10-08T19:13Z
Malzahar,Aurelion Sol,46.84,-0.83,-3.09,47.67,158,16.20,EMERALD+,2026-10-08T19:13Z
Malzahar,Katarina,47.38,-0.71,-2.97,48.09,515,16.20,EMERALD+,2026-10-08T19:13Z
Malzahar,Lissandra,47.63,0.2,-2.06,47.43,359,16.20,EMERALD+,2026-10-08T19:13Z
Malzahar,Yone,48.73,1.16,-1.1,47.57,511,16.20,EMERALD+,2026-10-08T19:13Z
Malzahar,Locke,49.01,0.42,-1.84,48.59,455,16.20,EMERALD+,2026-10-08T19:13Z
Malzahar,Lux,49.08,2.29,0.03,46.79,273,16.20,EMERALD+,2026-10-08T19:13Z
Malzahar,Ahri,49.18,1.94,-0.32,47.24,612,16.20,EMERALD+,2026-10-08T19:13Z
Malzahar,Twisted Fate,49.28,1.76,-0.5,47.52,489,16.20,EMERALD+,2026-10-08T19:13Z
Malzahar,Zed,49.91,0.64,-1.62,49.27,587,16.20,EMERALD+,2026-10-08T19:13Z
Malzahar,Hwei,50.0,2.14,-0.12,47.86,302,16.20,EMERALD+,2026-10-08T19:13Z
Malzahar,Smolder,50.12,-5.07,-7.32,55.19,427,16.20,EMERALD+,2026-10-08T19:13Z
Malzahar,Diana,50.21,1.83,-0.43,48.38,239,16.20,EMERALD+,2026-10-08T19:13Z
Malzahar,Veigar,50.5,2.24,-0.02,48.26,299,16.20,EMERALD+,2026-10-08T19:13Z
Malzahar,Viktor,51.21,2.56,0.3,48.65,619,16.20,EMERALD+,2026-10-08T19:13Z
Malzahar,Zoe,51.23,3.76,1.5,47.47,203,16.20,EMERALD+,2026-10-08T19:13Z
Malzahar,Syndra,51.37,2.03,-0.23,49.34,475,16.20,EMERALD+,2026-10-08T19:13Z
Malzahar,Kassadin,52.43,3.54,1.28,48.89,206,16.20,EMERALD+,2026-10-08T19:13Z
Malzahar,Ekko,52.79,5.45,3.19,47.34,341,16.20,EMERALD+,2026-10-08T19:13Z
Malzahar,Azir,53.45,1.42,-0.84,52.03,116,16.20,EMERALD+,2026-10-08T19:13Z
Malzahar,Qiyana,54.27,4.5,2.24,49.77,164,16.20,EMERALD+,2026-10-08T19:13Z
Malzahar,Akali,54.49,5.31,3.05,49.18,334,16.20,EMERALD+,2026-10-08T19:13Z
Malzahar,Sylas,54.75,4.12,1.86,50.63,400,16.20,EMERALD+,2026-10-08T19:13Z
Malzahar,Akshan,54.9,5.29,3.03,49.61,153,16.20,EMERALD+,2026-10-08T19:13Z
Malzahar,Vladimir,55.64,7.21,4.95,48.43,399,16.20,EMERALD+,2026-10-08T19:13Z
Malzahar,Orianna,55.91,3.43,1.17,52.48,186,16.20,EMERALD+,2026-10-08T19:13Z
Malzahar,Ryze,56.34,3.31,1.05,53.03,142,16.20,EMERALD+,2026-10-08T19:13Z
Malzahar,Anivia,57.05,8.5,6.24,48.55,149,16.20,EMERALD+,2026-10-08T19:13Z
Malzahar,Irelia,57.33,7.43,5.17,49.9,225,16.20,EMERALD+,2026-10-08T19:13Z
Malzahar,Mel,57.4,4.52,2.26,52.88,169,16.20,EMERALD+,2026-10-08T19:13Z
Malzahar,LeBlanc,57.73,10.03,7.77,47.7,466,16.20,EMERALD+,2026-10-08T19:13Z
Malzahar,Yasuo,59.86,11.08,8.82,48.78,715,16.20,EMERALD+,2026-10-08T19:13Z
Galio,Talon,39.45,-8.7,-10.13,48.15,109,16.20,EMERALD+,2026-10-08T19:13Z
Galio,Kassadin,43.52,-5.37,-6.8,48.89,108,16.20,EMERALD+,2026-10-08T19:13Z
Galio,Vex,43.8,-2.71,-4.14,46.51,121,16.20,EMERALD+,2026-10-08T19:13Z
Galio,Ekko,44.29,-3.05,-4.48,47.34,280,16.20,EMERALD+,2026-10-08T19:13Z
Galio,Hwei,45.19,-2.67,-4.1,47.86,208,16.20,EMERALD+,2026-10-08T19:13Z
Galio,Twisted Fate,46.37,-1.15,-2.58,47.52,317,16.20,EMERALD+,2026-10-08T19:13Z
Galio,Zoe,46.48,-0.99,-2.42,47.47,142,16.20,EMERALD+,2026-10-08T19:13Z
Galio,Syndra,47.41,-1.93,-3.36,49.34,386,16.20,EMERALD+,2026-10-08T19:13Z
Galio,Orianna,47.55,-4.93,-6.36,52.48,143,16.20,EMERALD+,2026-10-08T19:13Z
Galio,LeBlanc,47.92,0.22,-1.21,47.7,409,16.20,EMERALD+,2026-10-08T19:13Z
Galio,Aurora,47.98,0.04,-1.39,47.94,173,16.20,EMERALD+,2026-10-08T19:13Z
Galio,Xerath,48.15,0.87,-0.56,47.28,189,16.20,EMERALD+,2026-10-08T19:13Z
Galio,Yasuo,48.16,-0.62,-2.05,48.78,407,16.20,EMERALD+,2026-10-08T19:13Z
Galio,Veigar,48.2,-0.06,-1.49,48.26,139,16.20,EMERALD+,2026-10-08T19:13Z
Galio,Zed,48.38,-0.89,-2.32,49.27,339,16.20,EMERALD+,2026-10-08T19:13Z
Galio,Viktor,48.46,-0.19,-1.62,48.65,520,16.20,EMERALD+,2026-10-08T19:13Z
Galio,Ahri,48.55,1.31,-0.12,47.24,449,16.20,EMERALD+,2026-10-08T19:13Z
Galio,Lux,49.63,2.84,1.41,46.79,135,16.20,EMERALD+,2026-10-08T19:13Z
Galio,Vladimir,49.71,1.28,-0.15,48.43,171,16.20,EMERALD+,2026-10-08T19:13Z
Galio,Diana,49.79,1.41,-0.02,48.38,233,16.20,EMERALD+,2026-10-08T19:13Z
Galio,Fizz,50.13,3.3,1.87,46.83,393,16.20,EMERALD+,2026-10-08T19:13Z
Galio,Lissandra,50.71,3.28,1.85,47.43,282,16.20,EMERALD+,2026-10-08T19:13Z
Galio,Akali,52.35,3.17,1.74,49.18,468,16.20,EMERALD+,2026-10-08T19:13Z
Galio,Yone,52.61,5.04,3.61,47.57,460,16.20,EMERALD+,2026-10-08T19:13Z
Galio,Katarina,52.77,4.68,3.25,48.09,487,16.20,EMERALD+,2026-10-08T19:13Z
Galio,Locke,53.63,5.04,3.61,48.59,647,16.20,EMERALD+,2026-10-08T19:13Z
Galio,Sylas,54.97,4.34,2.91,50.63,493,16.20,EMERALD+,2026-10-08T19:13Z
Galio,Qiyana,56.34,6.57,5.14,49.77,142,16.20,EMERALD+,2026-10-08T19:13Z
Galio,Irelia,56.64,6.74,5.31,49.9,143,16.20,EMERALD+,2026-10-08T19:13Z
Galio,Malzahar,59.71,10.71,9.28,49.0,206,16.20,EMERALD+,2026-10-08T19:13Z
Galio,Ryze,60.4,7.37,5.94,53.03,101,16.20,EMERALD+,2026-10-08T19:13Z
Vex,Twisted Fate,45.71,-1.81,-6.56,47.52,210,16.20,EMERALD+,2026-10-08T19:13Z
Vex,Vladimir,45.99,-2.44,-7.19,48.43,137,16.20,EMERALD+,2026-10-08T19:13Z
Vex,Hwei,47.65,-0.21,-4.96,47.86,170,16.20,EMERALD+,2026-10-08T19:13Z
Vex,Viktor,47.78,-0.87,-5.62,48.65,293,16.20,EMERALD+,2026-10-08T19:13Z
Vex,Zoe,47.97,0.5,-4.25,47.47,123,16.20,EMERALD+,2026-10-08T19:13Z
Vex,Lux,49.68,2.89,-1.86,46.79,155,16.20,EMERALD+,2026-10-08T19:13Z
Vex,Xerath,49.69,2.41,-2.34,47.28,163,16.20,EMERALD+,2026-10-08T19:13Z
Vex,Mel,50.0,-2.88,-7.6,52.88,116,16.20,EMERALD+,2026-10-08T19:13Z
Vex,Qiyana,51.03,1.26,-3.49,49.77,145,16.20,EMERALD+,2026-10-08T19:13Z
Vex,Yasuo,51.89,3.11,-1.64,48.78,555,16.20,EMERALD+,2026-10-08T19:13Z
Vex,Fizz,52.34,5.51,0.76,46.83,214,16.20,EMERALD+,2026-10-08T19:13Z
Vex,Ahri,52.54,5.3,0.55,47.24,394,16.20,EMERALD+,2026-10-08T19:13Z
Vex,Veigar,53.13,4.87,0.12,48.26,128,16.20,EMERALD+,2026-10-08T19:13Z
Vex,Yone,53.2,5.63,0.88,47.57,391,16.20,EMERALD+,2026-10-08T19:13Z
Vex,Zed,53.21,3.94,-0.81,49.27,327,16.20,EMERALD+,2026-10-08T19:13Z
Vex,Akshan,53.64,4.03,-0.72,49.61,110,16.20,EMERALD+,2026-10-08T19:13Z
Vex,Locke,54.22,5.63,0.88,48.59,308,16.20,EMERALD+,2026-10-08T19:13Z
Vex,Ekko,54.41,7.07,2.32,47.34,204,16.20,EMERALD+,2026-10-08T19:13Z
Vex,Syndra,55.21,5.87,1.12,49.34,317,16.20,EMERALD+,2026-10-08T19:13Z
Vex,Malzahar,55.56,6.56,1.81,49.0,162,16.20,EMERALD+,2026-10-08T19:13Z
Vex,Sylas,56.08,5.45,0.7,50.63,296,16.20,EMERALD+,2026-10-08T19:13Z
Vex,Katarina,56.18,8.09,3.34,48.09,372,16.20,EMERALD+,2026-10-08T19:13Z
Vex,LeBlanc,56.29,8.59,3.84,47.7,501,16.20,EMERALD+,2026-10-08T19:13Z
Vex,Kassadin,56.31,7.42,2.67,48.89,103,16.20,EMERALD+,2026-10-08T19:13Z
Vex,Diana,56.41,8.03,3.28,48.38,156,16.20,EMERALD+,2026-10-08T19:13Z
Vex,Galio,57.36,7.53,2.78,49.83,129,16.20,EMERALD+,2026-10-08T19:13Z
Vex,Lissandra,57.65,10.22,5.47,47.43,170,16.20,EMERALD+,2026-10-08T19:13Z
Vex,Irelia,58.39,8.49,3.74,49.9,161,16.20,EMERALD+,2026-10-08T19:13Z
Vex,Akali,59.17,9.99,5.24,49.18,289,16.20,EMERALD+,2026-10-08T19:13Z
Vex,Orianna,61.16,8.68,3.95,52.48,121,16.20,EMERALD+,2026-10-08T19:13Z
Annie,Viktor,42.77,-5.88,-10.06,48.65,173,16.20,EMERALD+,2026-10-08T19:13Z
Annie,Xerath,47.89,0.61,-3.57,47.28,142,16.20,EMERALD+,2026-10-08T19:13Z
Annie,Katarina,49.0,0.91,-3.27,48.09,200,16.20,EMERALD+,2026-10-08T19:13Z
Annie,Vladimir,49.09,0.66,-3.52,48.43,110,16.20,EMERALD+,2026-10-08T19:13Z
Annie,LeBlanc,50.43,2.73,-1.45,47.7,117,16.20,EMERALD+,2026-10-08T19:13Z
Annie,Syndra,50.44,1.1,-3.08,49.34,226,16.20,EMERALD+,2026-10-08T19:13Z
Annie,Ekko,50.79,3.45,-0.73,47.34,126,16.20,EMERALD+,2026-10-08T19:13Z
Annie,Lissandra,51.35,3.92,-0.26,47.43,111,16.20,EMERALD+,2026-10-08T19:13Z
Annie,Yasuo,52.19,3.41,-0.77,48.78,297,16.20,EMERALD+,2026-10-08T19:13Z
Annie,Ahri,52.67,5.43,1.25,47.24,300,16.20,EMERALD+,2026-10-08T19:13Z
Annie,Sylas,53.73,3.1,-1.08,50.63,134,16.20,EMERALD+,2026-10-08T19:13Z
Annie,Twisted Fate,55.0,7.48,3.3,47.52,120,16.20,EMERALD+,2026-10-08T19:13Z
Annie,Fizz,55.28,8.45,4.27,46.83,123,16.20,EMERALD+,2026-10-08T19:13Z
Annie,Yone,55.32,7.75,3.57,47.57,235,16.20,EMERALD+,2026-10-08T19:13Z
Annie,Lux,56.88,10.09,5.91,46.79,109,16.20,EMERALD+,2026-10-08T19:13Z
Annie,Akali,56.9,7.72,3.54,49.18,116,16.20,EMERALD+,2026-10-08T19:13Z
Annie,Locke,57.14,8.55,4.37,48.59,203,16.20,EMERALD+,2026-10-08T19:13Z
Annie,Malzahar,61.02,12.02,7.84,49.0,118,16.20,EMERALD+,2026-10-08T19:13Z
Annie,Zed,62.31,13.04,8.86,49.27,199,16.20,EMERALD+,2026-10-08T19:13Z
Zed,Annie,41.24,-5.89,-7.98,47.13,194,16.20,EMERALD+,2026-10-08T19:13Z
Zed,Nasus,43.56,-4.54,-6.63,48.1,202,16.20,EMERALD+,2026-10-08T19:13Z
Zed,Malphite,45.24,-2.56,-4.65,47.8,336,16.20,EMERALD+,2026-10-08T19:13Z
Zed,Ekko,45.43,-1.99,-4.08,47.42,656,16.20,EMERALD+,2026-10-08T19:13Z
Zed,Pantheon,46.0,-0.87,-2.96,46.87,100,16.20,EMERALD+,2026-10-08T19:13Z
Zed,Akshan,48.61,-0.83,-2.92,49.44,251,16.20,EMERALD+,2026-10-08T19:13Z
Zed,LeBlanc,48.69,1.01,-1.08,47.68,649,16.20,EMERALD+,2026-10-08T19:13Z
Zed,Vladimir,48.71,0.17,-1.92,48.54,505,16.20,EMERALD+,2026-10-08T19:13Z
Zed,Lissandra,48.85,1.48,-0.61,47.37,868,16.20,EMERALD+,2026-10-08T19:13Z
Zed,Lux,48.93,2.16,0.07,46.77,466,16.20,EMERALD+,2026-10-08T19:13Z
Zed,Fizz,48.94,2.22,0.13,46.72,705,16.20,EMERALD+,2026-10-08T19:13Z
Zed,Taliyah,49.04,-1.21,-3.3,50.25,104,16.20,EMERALD+,2026-10-08T19:13Z
Zed,Katarina,49.27,1.21,-0.88,48.06,757,16.20,EMERALD+,2026-10-08T19:13Z
Zed,Hwei,49.34,1.52,-0.57,47.82,379,16.20,EMERALD+,2026-10-08T19:13Z
Zed,Vex,49.54,3.08,0.99,46.46,327,16.20,EMERALD+,2026-10-08T19:13Z
Zed,Zoe,49.84,2.43,0.34,47.41,309,16.20,EMERALD+,2026-10-08T19:13Z
Zed,Mel,50.0,-2.79,-4.88,52.79,190,16.20,EMERALD+,2026-10-08T19:13Z
Zed,Sylas,50.17,-0.47,-2.56,50.64,877,16.20,EMERALD+,2026-10-08T19:13Z
Zed,Xerath,50.24,2.99,0.9,47.25,418,16.20,EMERALD+,2026-10-08T19:13Z
Zed,Qiyana,50.39,0.68,-1.41,49.71,383,16.20,EMERALD+,2026-10-08T19:13Z
Zed,Aurelion Sol,50.65,2.98,0.89,47.67,154,16.20,EMERALD+,2026-10-08T19:13Z
Zed,Twisted Fate,50.78,3.37,1.28,47.41,516,16.20,EMERALD+,2026-10-08T19:13Z
Zed,Yasuo,50.86,2.08,-0.01,48.78,1223,16.20,EMERALD+,2026-10-08T19:13Z
Zed,Diana,50.9,2.52,0.43,48.38,444,16.20,EMERALD+,2026-10-08T19:13Z
Zed,Aurora,51.22,3.19,1.1,48.03,246,16.20,EMERALD+,2026-10-08T19:13Z
Zed,Irelia,51.52,1.71,-0.38,49.81,396,16.20,EMERALD+,2026-10-08T19:13Z
Zed,Ahri,51.54,4.37,2.28,47.17,941,16.20,EMERALD+,2026-10-08T19:13Z
Zed,Locke,52.15,3.68,1.59,48.47,767,16.20,EMERALD+,2026-10-08T19:13Z
Zed,Galio,52.19,2.41,0.32,49.78,320,16.20,EMERALD+,2026-10-08T19:13Z
Zed,Viktor,52.37,3.64,1.55,48.73,886,16.20,EMERALD+,2026-10-08T19:13Z
Zed,Yone,52.72,5.14,3.05,47.58,863,16.20,EMERALD+,2026-10-08T19:13Z
Zed,Azir,53.23,1.13,-0.96,52.1,186,16.20,EMERALD+,2026-10-08T19:13Z
Zed,Akali,53.42,4.27,2.18,49.15,732,16.20,EMERALD+,2026-10-08T19:13Z
Zed,Orianna,53.52,0.98,-1.11,52.54,284,16.20,EMERALD+,2026-10-08T19:13Z
Zed,Malzahar,53.53,4.67,2.58,48.86,581,16.20,EMERALD+,2026-10-08T19:13Z
Zed,Syndra,53.53,4.28,2.19,49.25,637,16.20,EMERALD+,2026-10-08T19:13Z
Zed,Veigar,54.87,6.71,4.62,48.16,359,16.20,EMERALD+,2026-10-08T19:13Z
Zed,Anivia,55.56,6.97,4.88,48.59,225,16.20,EMERALD+,2026-10-08T19:13Z
Zed,Cassiopeia,55.63,3.53,1.44,52.1,142,16.20,EMERALD+,2026-10-08T19:13Z
Zed,Kassadin,55.72,6.85,4.76,48.87,201,16.20,EMERALD+,2026-10-08T19:13Z
Zed,Talon,55.85,7.73,5.64,48.12,188,16.20,EMERALD+,2026-10-08T19:13Z
Zed,Ryze,58.72,5.65,3.56,53.07,218,16.20,EMERALD+,2026-10-08T19:13Z
Talon,Rammus,42.14,-3.46,-6.32,45.6,140,16.20,EMERALD+,2026-10-08T19:13Z
Talon,Bel'Veth,43.72,-4.17,-7.04,47.89,199,16.20,EMERALD+,2026-10-08T19:13Z
Talon,Nunu & Willump,44.83,-4.47,-7.34,49.3,145,16.20,EMERALD+,2026-10-08T19:13Z
Talon,Hecarim,46.22,-3.16,-6.03,49.38,489,16.20,EMERALD+,2026-10-08T19:13Z
Talon,Quinn,47.0,-0.14,-3.01,47.14,100,16.20,EMERALD+,2026-10-08T19:13Z
Talon,Nidalee,47.1,-1.22,-4.09,48.32,293,16.20,EMERALD+,2026-10-08T19:13Z
Talon,Rek'Sai,47.46,0.8,-2.07,46.66,118,16.20,EMERALD+,2026-10-08T19:13Z
Talon,Lillia,48.04,0.86,-2.01,47.18,383,16.20,EMERALD+,2026-10-08T19:13Z
Talon,Xin Zhao,48.32,-1.45,-4.32,49.77,149,16.20,EMERALD+,2026-10-08T19:13Z
Talon,Zac,48.62,1.06,-1.81,47.56,181,16.20,EMERALD+,2026-10-08T19:13Z
Talon,Briar,48.85,0.88,-1.99,47.97,305,16.20,EMERALD+,2026-10-08T19:13Z
Talon,Ekko,49.01,1.01,-1.86,48.0,353,16.20,EMERALD+,2026-10-08T19:13Z
Talon,Master Yi,49.71,2.01,-0.86,47.7,509,16.20,EMERALD+,2026-10-08T19:13Z
Talon,Wukong,49.73,2.74,-0.13,46.99,551,16.20,EMERALD+,2026-10-08T19:13Z
Talon,Karthus,50.0,-0.38,-3.25,50.38,102,16.20,EMERALD+,2026-10-08T19:13Z
Talon,Jarvan IV,50.33,1.12,-1.75,49.21,461,16.20,EMERALD+,2026-10-08T19:13Z
Talon,Kayn,50.7,1.93,-0.94,48.77,574,16.20,EMERALD+,2026-10-08T19:13Z
Talon,Vi,50.81,0.78,-2.09,50.03,309,16.20,EMERALD+,2026-10-08T19:13Z
Talon,Qiyana,50.85,0.85,-2.02,50.0,765,16.20,EMERALD+,2026-10-08T19:13Z
Talon,Lee Sin,51.08,1.45,-1.42,49.63,973,16.20,EMERALD+,2026-10-08T19:13Z
Talon,Rengar,51.32,0.59,-2.28,50.73,341,16.20,EMERALD+,2026-10-08T19:13Z
Talon,Kha'Zix,51.62,2.5,-0.37,49.12,680,16.20,EMERALD+,2026-10-08T19:13Z
Talon,Graves,51.66,2.59,-0.28,49.07,662,16.20,EMERALD+,2026-10-08T19:13Z
Talon,Diana,51.86,3.82,0.95,48.04,322,16.20,EMERALD+,2026-10-08T19:13Z
Talon,Cho'Gath,52.38,5.16,2.29,47.22,483,16.20,EMERALD+,2026-10-08T19:13Z
Talon,Kindred,52.4,3.2,0.33,49.2,250,16.20,EMERALD+,2026-10-08T19:13Z
Talon,Evelynn,52.88,5.46,2.59,47.42,208,16.20,EMERALD+,2026-10-08T19:13Z
Talon,Nocturne,53.16,3.9,1.03,49.26,316,16.20,EMERALD+,2026-10-08T19:13Z
Talon,Sylas,53.21,4.01,1.14,49.2,560,16.20,EMERALD+,2026-10-08T19:13Z
Talon,Zed,53.85,2.52,-0.35,51.33,260,16.20,EMERALD+,2026-10-08T19:13Z
Talon,Naafiri,53.9,4.56,1.69,49.34,282,16.20,EMERALD+,2026-10-08T19:13Z
Talon,Elise,54.12,6.67,3.8,47.45,364,16.20,EMERALD+,2026-10-08T19:13Z
Talon,Viego,54.45,4.47,1.6,49.98,674,16.20,EMERALD+,2026-10-08T19:13Z
Talon,Fiddlesticks,54.71,7.12,4.25,47.59,170,16.20,EMERALD+,2026-10-08T19:13Z
Talon,Shyvana,54.93,7.35,4.48,47.58,304,16.20,EMERALD+,2026-10-08T19:13Z
Talon,Warwick,55.49,9.07,6.2,46.42,182,16.20,EMERALD+,2026-10-08T19:13Z
Talon,Jayce,56.34,5.29,2.42,51.05,142,16.20,EMERALD+,2026-10-08T19:13Z
Talon,Shaco,57.06,9.64,6.77,47.42,361,16.20,EMERALD+,2026-10-08T19:13Z
Talon,Sejuani,57.07,10.32,7.45,46.75,184,16.20,EMERALD+,2026-10-08T19:13Z
Talon,Amumu,60.16,11.32,8.45,48.84,123,16.20,EMERALD+,2026-10-08T19:13Z
Talon,Udyr,61.54,12.63,9.76,48.91,143,16.20,EMERALD+,2026-10-08T19:13Z
Qiyana,Zyra,41.46,-6.31,-7.59,47.77,123,16.20,EMERALD+,2026-10-08T19:13Z
Qiyana,Quinn,43.31,-3.83,-5.11,47.14,127,16.20,EMERALD+,2026-10-08T19:13Z
Qiyana,Rammus,44.75,-0.85,-2.13,45.6,181,16.20,EMERALD+,2026-10-08T19:13Z
Qiyana,Ivern,44.95,-2.8,-4.08,47.75,109,16.20,EMERALD+,2026-10-08T19:13Z
Qiyana,Rengar,45.54,-5.19,-6.47,50.73,426,16.20,EMERALD+,2026-10-08T19:13Z
Qiyana,Rek'Sai,45.83,-0.83,-2.11,46.66,168,16.20,EMERALD+,2026-10-08T19:13Z
Qiyana,Sejuani,45.85,-0.9,-2.18,46.75,205,16.20,EMERALD+,2026-10-08T19:13Z
Qiyana,Xin Zhao,46.33,-3.44,-4.72,49.77,218,16.20,EMERALD+,2026-10-08T19:13Z
Qiyana,Evelynn,46.88,-0.54,-1.82,47.42,256,16.20,EMERALD+,2026-10-08T19:13Z
Qiyana,Fiddlesticks,46.92,-0.67,-1.95,47.59,211,16.20,EMERALD+,2026-10-08T19:13Z
Qiyana,Nunu & Willump,46.93,-2.37,-3.65,49.3,179,16.20,EMERALD+,2026-10-08T19:13Z
Qiyana,Wukong,47.0,0.01,-1.27,46.99,751,16.20,EMERALD+,2026-10-08T19:13Z
Qiyana,Naafiri,47.11,-2.23,-3.51,49.34,329,16.20,EMERALD+,2026-10-08T19:13Z
Qiyana,Zac,47.66,0.1,-1.18,47.56,256,16.20,EMERALD+,2026-10-08T19:13Z
Qiyana,Hecarim,47.85,-1.53,-2.81,49.38,606,16.20,EMERALD+,2026-10-08T19:13Z
Qiyana,Briar,48.04,0.07,-1.21,47.97,408,16.20,EMERALD+,2026-10-08T19:13Z
Qiyana,Shyvana,48.12,0.54,-0.74,47.58,345,16.20,EMERALD+,2026-10-08T19:13Z
Qiyana,Amumu,48.54,-0.3,-1.58,48.84,171,16.20,EMERALD+,2026-10-08T19:13Z
Qiyana,Nidalee,48.81,0.49,-0.79,48.32,463,16.20,EMERALD+,2026-10-08T19:13Z
Qiyana,Master Yi,48.9,1.2,-0.08,47.7,591,16.20,EMERALD+,2026-10-08T19:13Z
Qiyana,Udyr,48.98,0.07,-1.21,48.91,147,16.20,EMERALD+,2026-10-08T19:13Z
Qiyana,Nocturne,49.22,-0.04,-1.32,49.26,386,16.20,EMERALD+,2026-10-08T19:13Z
Qiyana,Cho'Gath,49.37,2.15,0.87,47.22,559,16.20,EMERALD+,2026-10-08T19:13Z
Qiyana,Warwick,49.61,3.19,1.91,46.42,254,16.20,EMERALD+,2026-10-08T19:13Z
Qiyana,Kha'Zix,49.7,0.58,-0.7,49.12,841,16.20,EMERALD+,2026-10-08T19:13Z
Qiyana,Kindred,49.72,0.52,-0.76,49.2,352,16.20,EMERALD+,2026-10-08T19:13Z
Qiyana,Graves,49.72,0.65,-0.63,49.07,883,16.20,EMERALD+,2026-10-08T19:13Z
Qiyana,Kayn,50.14,1.37,0.09,48.77,722,16.20,EMERALD+,2026-10-08T19:13Z
Qiyana,Talon,50.32,1.91,0.63,48.41,785,16.20,EMERALD+,2026-10-08T19:13Z
Qiyana,Lillia,50.64,3.46,2.18,47.18,472,16.20,EMERALD+,2026-10-08T19:13Z
Qiyana,Lee Sin,50.73,1.1,-0.18,49.63,1565,16.20,EMERALD+,2026-10-08T19:13Z
Qiyana,Bel'Veth,51.36,3.47,2.19,47.89,220,16.20,EMERALD+,2026-10-08T19:13Z
Qiyana,Karthus,51.75,1.37,0.09,50.38,114,16.20,EMERALD+,2026-10-08T19:13Z
Qiyana,Skarner,51.88,4.45,3.17,47.43,133,16.20,EMERALD+,2026-10-08T19:13Z
Qiyana,Diana,51.9,3.86,2.58,48.04,422,16.20,EMERALD+,2026-10-08T19:13Z
Qiyana,Ekko,51.98,3.98,2.7,48.0,429,16.20,EMERALD+,2026-10-08T19:13Z
Qiyana,Jarvan IV,51.98,2.77,1.49,49.21,656,16.20,EMERALD+,2026-10-08T19:13Z
Qiyana,Shaco,52.24,4.82,3.54,47.42,446,16.20,EMERALD+,2026-10-08T19:13Z
Qiyana,Elise,52.82,5.37,4.09,47.45,337,16.20,EMERALD+,2026-10-08T19:13Z
Qiyana,Viego,53.13,3.15,1.87,49.98,941,16.20,EMERALD+,2026-10-08T19:13Z
Qiyana,Zed,53.59,2.26,0.98,51.33,306,16.20,EMERALD+,2026-10-08T19:13Z
Qiyana,Sylas,53.61,4.41,3.13,49.2,830,16.20,EMERALD+,2026-10-08T19:13Z
Qiyana,Vi,54.45,4.42,3.14,50.03,393,16.20,EMERALD+,2026-10-08T19:13Z
Qiyana,Jayce,57.3,6.25,4.97,51.05,185,16.20,EMERALD+,2026-10-08T19:13Z
Naafiri,Diana,39.88,-8.17,-10.04,48.05,163,16.20,EMERALD+,2026-10-08T19:13Z
Naafiri,Kayn,43.05,-5.75,-7.62,48.8,302,16.20,EMERALD+,2026-10-08T19:13Z
Naafiri,Elise,43.41,-4.07,-5.94,47.48,129,16.20,EMERALD+,2026-10-08T19:13Z
Naafiri,Nocturne,43.93,-5.33,-7.2,49.26,173,16.20,EMERALD+,2026-10-08T19:13Z
Naafiri,Lillia,44.57,-2.7,-4.57,47.27,175,16.20,EMERALD+,2026-10-08T19:13Z
Naafiri,Hecarim,45.11,-4.32,-6.19,49.43,235,16.20,EMERALD+,2026-10-08T19:13Z
Naafiri,Talon,46.26,-2.29,-4.16,48.55,281,16.20,EMERALD+,2026-10-08T19:13Z
Naafiri,Viego,47.99,-1.98,-3.85,49.97,323,16.20,EMERALD+,2026-10-08T19:13Z
Naafiri,Ekko,48.0,-0.08,-1.95,48.08,175,16.20,EMERALD+,2026-10-08T19:13Z
Naafiri,Shaco,48.04,0.52,-1.35,47.52,179,16.20,EMERALD+,2026-10-08T19:13Z
Naafiri,Shyvana,48.7,1.1,-0.77,47.6,115,16.20,EMERALD+,2026-10-08T19:13Z
Naafiri,Wukong,49.31,2.21,0.34,47.1,290,16.20,EMERALD+,2026-10-08T19:13Z
Naafiri,Jarvan IV,49.61,0.43,-1.44,49.18,254,16.20,EMERALD+,2026-10-08T19:13Z
Naafiri,Nidalee,49.67,1.37,-0.5,48.3,153,16.20,EMERALD+,2026-10-08T19:13Z
Naafiri,Vi,49.74,-0.32,-2.19,50.06,193,16.20,EMERALD+,2026-10-08T19:13Z
Naafiri,Master Yi,51.08,3.36,1.49,47.72,231,16.20,EMERALD+,2026-10-08T19:13Z
Naafiri,Kha'Zix,51.61,2.47,0.6,49.14,498,16.20,EMERALD+,2026-10-08T19:13Z
Naafiri,Qiyana,52.8,2.72,0.85,50.08,339,16.20,EMERALD+,2026-10-08T19:13Z
Naafiri,Graves,52.94,3.86,1.99,49.08,374,16.20,EMERALD+,2026-10-08T19:13Z
Naafiri,Briar,53.55,5.41,3.54,48.14,155,16.20,EMERALD+,2026-10-08T19:13Z
Naafiri,Lee Sin,53.92,4.29,2.42,49.63,868,16.20,EMERALD+,2026-10-08T19:13Z
Naafiri,Cho'Gath,54.75,7.54,5.67,47.21,221,16.20,EMERALD+,2026-10-08T19:13Z
Naafiri,Zed,55.07,3.73,1.86,51.34,138,16.20,EMERALD+,2026-10-08T19:13Z
Naafiri,Kindred,56.35,7.04,5.17,49.31,126,16.20,EMERALD+,2026-10-08T19:13Z
Naafiri,Sylas,57.76,8.5,6.63,49.26,303,16.20,EMERALD+,2026-10-08T19:13Z
Naafiri,Rengar,66.29,15.53,13.66,50.76,175,16.20,EMERALD+,2026-10-08T19:13Z
LeBlanc,Vex,46.63,0.12,-3.44,46.51,504,16.20,EMERALD+,2026-10-08T19:13Z
LeBlanc,Malzahar,47.24,-1.76,-5.32,49.0,434,16.20,EMERALD+,2026-10-08T19:13Z
LeBlanc,Twisted Fate,47.59,0.07,-3.49,47.52,374,16.20,EMERALD+,2026-10-08T19:13Z
LeBlanc,Lissandra,47.6,0.17,-3.39,47.43,603,16.20,EMERALD+,2026-10-08T19:13Z
LeBlanc,Annie,47.9,0.82,-2.74,47.08,119,16.20,EMERALD+,2026-10-08T19:13Z
LeBlanc,Xerath,48.69,1.41,-2.15,47.28,382,16.20,EMERALD+,2026-10-08T19:13Z
LeBlanc,Fizz,49.86,3.03,-0.53,46.83,367,16.20,EMERALD+,2026-10-08T19:13Z
LeBlanc,Qiyana,50.46,0.69,-2.87,49.77,216,16.20,EMERALD+,2026-10-08T19:13Z
LeBlanc,Akshan,50.5,0.89,-2.67,49.61,200,16.20,EMERALD+,2026-10-08T19:13Z
LeBlanc,Viktor,50.57,1.92,-1.64,48.65,619,16.20,EMERALD+,2026-10-08T19:13Z
LeBlanc,Orianna,50.59,-1.89,-5.44,52.48,255,16.20,EMERALD+,2026-10-08T19:13Z
LeBlanc,Hwei,50.62,2.76,-0.8,47.86,241,16.20,EMERALD+,2026-10-08T19:13Z
LeBlanc,Katarina,50.67,2.58,-0.98,48.09,521,16.20,EMERALD+,2026-10-08T19:13Z
LeBlanc,Yasuo,50.87,2.09,-1.47,48.78,574,16.20,EMERALD+,2026-10-08T19:13Z
LeBlanc,Locke,51.72,3.13,-0.43,48.59,522,16.20,EMERALD+,2026-10-08T19:13Z
LeBlanc,Ahri,51.78,4.54,0.98,47.24,788,16.20,EMERALD+,2026-10-08T19:13Z
LeBlanc,Ryze,51.81,-1.22,-4.77,53.03,166,16.20,EMERALD+,2026-10-08T19:13Z
LeBlanc,Anivia,52.1,3.55,-0.01,48.55,119,16.20,EMERALD+,2026-10-08T19:13Z
LeBlanc,Lux,52.36,5.57,2.01,46.79,296,16.20,EMERALD+,2026-10-08T19:13Z
LeBlanc,Irelia,52.6,2.7,-0.86,49.9,192,16.20,EMERALD+,2026-10-08T19:13Z
LeBlanc,Veigar,52.85,4.59,1.03,48.26,246,16.20,EMERALD+,2026-10-08T19:13Z
LeBlanc,Aurora,52.94,5.0,1.44,47.94,204,16.20,EMERALD+,2026-10-08T19:13Z
LeBlanc,Sylas,53.4,2.77,-0.79,50.63,515,16.20,EMERALD+,2026-10-08T19:13Z
LeBlanc,Galio,53.42,3.59,0.03,49.83,395,16.20,EMERALD+,2026-10-08T19:13Z
LeBlanc,Vladimir,53.56,5.13,1.57,48.43,323,16.20,EMERALD+,2026-10-08T19:13Z
LeBlanc,Diana,53.92,5.54,1.98,48.38,332,16.20,EMERALD+,2026-10-08T19:13Z
LeBlanc,Kassadin,54.02,5.13,1.57,48.89,224,16.20,EMERALD+,2026-10-08T19:13Z
LeBlanc,Yone,54.26,6.69,3.13,47.57,575,16.20,EMERALD+,2026-10-08T19:13Z
LeBlanc,Azir,54.42,2.39,-1.16,52.03,147,16.20,EMERALD+,2026-10-08T19:13Z
LeBlanc,Zed,54.74,5.47,1.91,49.27,665,16.20,EMERALD+,2026-10-08T19:13Z
LeBlanc,Syndra,54.79,5.45,1.89,49.34,595,16.20,EMERALD+,2026-10-08T19:13Z
LeBlanc,Zoe,54.85,7.38,3.82,47.47,237,16.20,EMERALD+,2026-10-08T19:13Z
LeBlanc,Aurelion Sol,55.0,7.33,3.77,47.67,120,16.20,EMERALD+,2026-10-08T19:13Z
LeBlanc,Ekko,55.52,8.18,4.62,47.34,317,16.20,EMERALD+,2026-10-08T19:13Z
LeBlanc,Akali,56.92,7.74,4.18,49.18,448,16.20,EMERALD+,2026-10-08T19:13Z
LeBlanc,Mel,57.5,4.62,1.07,52.88,160,16.20,EMERALD+,2026-10-08T19:13Z
Fizz,Annie,43.64,-3.49,-8.05,47.13,110,16.20,EMERALD+,2026-10-08T19:13Z
Fizz,Zoe,44.1,-3.31,-7.87,47.41,195,16.20,EMERALD+,2026-10-08T19:13Z
Fizz,Yone,46.34,-1.24,-5.8,47.58,505,16.20,EMERALD+,2026-10-08T19:13Z
Fizz,Aurora,47.95,-0.08,-4.64,48.03,146,16.20,EMERALD+,2026-10-08T19:13Z
Fizz,Vladimir,48.84,0.3,-4.26,48.54,346,16.20,EMERALD+,2026-10-08T19:13Z
Fizz,Akshan,49.12,-0.32,-4.88,49.44,114,16.20,EMERALD+,2026-10-08T19:13Z
Fizz,Ekko,49.66,2.24,-2.32,47.42,294,16.20,EMERALD+,2026-10-08T19:13Z
Fizz,Yasuo,49.84,1.06,-3.5,48.78,610,16.20,EMERALD+,2026-10-08T19:13Z
Fizz,Akali,50.92,1.77,-2.79,49.15,381,16.20,EMERALD+,2026-10-08T19:13Z
Fizz,Diana,51.15,2.77,-1.79,48.38,260,16.20,EMERALD+,2026-10-08T19:13Z
Fizz,Orianna,51.5,-1.04,-5.58,52.54,167,16.20,EMERALD+,2026-10-08T19:13Z
Fizz,Sylas,51.72,1.08,-3.48,50.64,466,16.20,EMERALD+,2026-10-08T19:13Z
Fizz,Kassadin,52.28,3.41,-1.15,48.87,241,16.20,EMERALD+,2026-10-08T19:13Z
Fizz,Viktor,52.3,3.57,-0.99,48.73,522,16.20,EMERALD+,2026-10-08T19:13Z
Fizz,Lissandra,52.59,5.22,0.66,47.37,540,16.20,EMERALD+,2026-10-08T19:13Z
Fizz,Lux,52.77,6.0,1.44,46.77,307,16.20,EMERALD+,2026-10-08T19:13Z
Fizz,Katarina,52.89,4.83,0.27,48.06,554,16.20,EMERALD+,2026-10-08T19:13Z
Fizz,Vex,53.08,6.62,2.06,46.46,211,16.20,EMERALD+,2026-10-08T19:13Z
Fizz,Azir,54.1,2.0,-2.55,52.1,122,16.20,EMERALD+,2026-10-08T19:13Z
Fizz,LeBlanc,54.16,6.48,1.92,47.68,373,16.20,EMERALD+,2026-10-08T19:13Z
Fizz,Locke,54.19,5.72,1.16,48.47,465,16.20,EMERALD+,2026-10-08T19:13Z
Fizz,Ahri,54.29,7.12,2.56,47.17,571,16.20,EMERALD+,2026-10-08T19:13Z
Fizz,Xerath,54.67,7.42,2.86,47.25,364,16.20,EMERALD+,2026-10-08T19:13Z
Fizz,Ryze,55.03,1.96,-2.57,53.07,149,16.20,EMERALD+,2026-10-08T19:13Z
Fizz,Galio,55.15,5.37,0.81,49.78,388,16.20,EMERALD+,2026-10-08T19:13Z
Fizz,Twisted Fate,55.18,7.77,3.21,47.41,357,16.20,EMERALD+,2026-10-08T19:13Z
Fizz,Zed,55.37,6.18,1.62,49.19,708,16.20,EMERALD+,2026-10-08T19:13Z
Fizz,Irelia,55.56,5.75,1.19,49.81,162,16.20,EMERALD+,2026-10-08T19:13Z
Fizz,Veigar,56.84,8.68,4.12,48.16,285,16.20,EMERALD+,2026-10-08T19:13Z
Fizz,Syndra,56.86,7.61,3.05,49.25,700,16.20,EMERALD+,2026-10-08T19:13Z
Fizz,Qiyana,56.91,7.2,2.64,49.71,188,16.20,EMERALD+,2026-10-08T19:13Z
Fizz,Anivia,56.91,8.32,3.76,48.59,123,16.20,EMERALD+,2026-10-08T19:13Z
Fizz,Malzahar,57.43,8.57,4.01,48.86,343,16.20,EMERALD+,2026-10-08T19:13Z
Fizz,Aurelion Sol,58.42,10.75,6.19,47.67,101,16.20,EMERALD+,2026-10-08T19:13Z
Fizz,Hwei,58.92,11.1,6.54,47.82,241,16.20,EMERALD+,2026-10-08T19:13Z
Fizz,Talon,60.61,12.49,7.93,48.12,132,16.20,EMERALD+,2026-10-08T19:13Z
Fizz,Mel,66.67,13.88,9.34,52.79,177,16.20,EMERALD+,2026-10-08T19:13Z
Katarina,Garen,39.13,-9.94,-13.11,49.07,115,16.20,EMERALD+,2026-10-08T19:13Z
Katarina,Kassadin,45.91,-2.98,-6.15,48.89,379,16.20,EMERALD+,2026-10-08T19:13Z
Katarina,Vladimir,46.72,-1.71,-4.88,48.43,548,16.20,EMERALD+,2026-10-08T19:13Z
Katarina,Lux,46.77,-0.02,-3.19,46.79,387,16.20,EMERALD+,2026-10-08T19:13Z
Katarina,Diana,47.37,-1.01,-4.18,48.38,437,16.20,EMERALD+,2026-10-08T19:13Z
Katarina,Lissandra,47.38,-0.05,-3.22,47.43,648,16.20,EMERALD+,2026-10-08T19:13Z
Katarina,Galio,47.47,-2.36,-5.53,49.83,474,16.20,EMERALD+,2026-10-08T19:13Z
Katarina,Vex,47.83,1.32,-1.85,46.51,368,16.20,EMERALD+,2026-10-08T19:13Z
Katarina,Ekko,47.97,0.63,-2.54,47.34,444,16.20,EMERALD+,2026-10-08T19:13Z
Katarina,Yasuo,48.29,-0.49,-3.66,48.78,818,16.20,EMERALD+,2026-10-08T19:13Z
Katarina,Azir,49.02,-3.01,-6.17,52.03,153,16.20,EMERALD+,2026-10-08T19:13Z
Katarina,Fizz,49.03,2.2,-0.97,46.83,565,16.20,EMERALD+,2026-10-08T19:13Z
Katarina,Nasus,49.18,1.02,-2.15,48.16,122,16.20,EMERALD+,2026-10-08T19:13Z
Katarina,Twisted Fate,49.67,2.15,-1.02,47.52,449,16.20,EMERALD+,2026-10-08T19:13Z
Katarina,Annie,49.74,2.66,-0.51,47.08,195,16.20,EMERALD+,2026-10-08T19:13Z
Katarina,Aurelion Sol,50.42,2.75,-0.42,47.67,119,16.20,EMERALD+,2026-10-08T19:13Z
Katarina,Pantheon,50.43,3.5,0.33,46.93,117,16.20,EMERALD+,2026-10-08T19:13Z
Katarina,Viktor,50.44,1.79,-1.38,48.65,676,16.20,EMERALD+,2026-10-08T19:13Z
Katarina,Akali,51.24,2.06,-1.11,49.18,605,16.20,EMERALD+,2026-10-08T19:13Z
Katarina,LeBlanc,51.24,3.54,0.37,47.7,523,16.20,EMERALD+,2026-10-08T19:13Z
Katarina,Aurora,51.72,3.78,0.61,47.94,203,16.20,EMERALD+,2026-10-08T19:13Z
Katarina,Yone,52.38,4.81,1.64,47.57,863,16.20,EMERALD+,2026-10-08T19:13Z
Katarina,Zoe,52.45,4.98,1.81,47.47,265,16.20,EMERALD+,2026-10-08T19:13Z
Katarina,Ahri,52.91,5.67,2.5,47.24,875,16.20,EMERALD+,2026-10-08T19:13Z
Katarina,Syndra,53.54,4.2,1.03,49.34,650,16.20,EMERALD+,2026-10-08T19:13Z
Katarina,Anivia,53.61,5.06,1.89,48.55,194,16.20,EMERALD+,2026-10-08T19:13Z
Katarina,Zed,53.79,4.52,1.35,49.27,805,16.20,EMERALD+,2026-10-08T19:13Z
Katarina,Locke,53.99,5.4,2.23,48.59,702,16.20,EMERALD+,2026-10-08T19:13Z
Katarina,Irelia,54.21,4.31,1.14,49.9,297,16.20,EMERALD+,2026-10-08T19:13Z
Katarina,Xerath,54.38,7.1,3.93,47.28,331,16.20,EMERALD+,2026-10-08T19:13Z
Katarina,Talon,54.39,6.24,3.07,48.15,171,16.20,EMERALD+,2026-10-08T19:13Z
Katarina,Malzahar,55.23,6.23,3.06,49.0,516,16.20,EMERALD+,2026-10-08T19:13Z
Katarina,Sylas,55.28,4.65,1.48,50.63,653,16.20,EMERALD+,2026-10-08T19:13Z
Katarina,Taliyah,55.34,5.09,1.92,50.25,103,16.20,EMERALD+,2026-10-08T19:13Z
Katarina,Cassiopeia,56.41,4.18,1.02,52.23,117,16.20,EMERALD+,2026-10-08T19:13Z
Katarina,Akshan,57.14,7.53,4.36,49.61,210,16.20,EMERALD+,2026-10-08T19:13Z
Katarina,Hwei,57.33,9.47,6.3,47.86,300,16.20,EMERALD+,2026-10-08T19:13Z
Katarina,Mel,58.02,5.14,1.98,52.88,162,16.20,EMERALD+,2026-10-08T19:13Z
Katarina,Ryze,58.02,4.99,1.83,53.03,162,16.20,EMERALD+,2026-10-08T19:13Z
Katarina,Qiyana,58.05,8.28,5.11,49.77,298,16.20,EMERALD+,2026-10-08T19:13Z
Katarina,Orianna,59.34,6.86,3.7,52.48,241,16.20,EMERALD+,2026-10-08T19:13Z
Katarina,Veigar,59.55,11.29,8.12,48.26,356,16.20,EMERALD+,2026-10-08T19:13Z
Akali,Zoe,43.87,-3.54,-5.67,47.41,212,16.20,EMERALD+,2026-10-08T19:13Z
Akali,Anivia,44.06,-4.53,-6.66,48.59,143,16.20,EMERALD+,2026-10-08T19:13Z
Akali,Twisted Fate,44.25,-3.16,-5.29,47.41,452,16.20,EMERALD+,2026-10-08T19:13Z
Akali,Vex,45.0,-1.46,-3.59,46.46,280,16.20,EMERALD+,2026-10-08T19:13Z
Akali,Hwei,45.06,-2.76,-4.89,47.82,233,16.20,EMERALD+,2026-10-08T19:13Z
Akali,Malzahar,45.89,-2.97,-5.1,48.86,316,16.20,EMERALD+,2026-10-08T19:13Z
Akali,Aurelion Sol,46.15,-1.52,-3.65,47.67,104,16.20,EMERALD+,2026-10-08T19:13Z
Akali,Talon,46.2,-1.92,-4.05,48.12,184,16.20,EMERALD+,2026-10-08T19:13Z
Akali,Lissandra,46.24,-1.13,-3.26,47.37,545,16.20,EMERALD+,2026-10-08T19:13Z
Akali,Annie,47.83,0.7,-1.43,47.13,115,16.20,EMERALD+,2026-10-08T19:13Z
Akali,LeBlanc,48.07,0.39,-1.74,47.68,414,16.20,EMERALD+,2026-10-08T19:13Z
Akali,Veigar,48.95,0.79,-1.34,48.16,239,16.20,EMERALD+,2026-10-08T19:13Z
Akali,Galio,49.01,-0.77,-2.9,49.78,453,16.20,EMERALD+,2026-10-08T19:13Z
Akali,Aurora,49.44,1.41,-0.72,48.03,180,16.20,EMERALD+,2026-10-08T19:13Z
Akali,Yasuo,49.57,0.79,-1.34,48.78,930,16.20,EMERALD+,2026-10-08T19:13Z
Akali,Zed,49.66,0.47,-1.66,49.19,725,16.20,EMERALD+,2026-10-08T19:13Z
Akali,Taliyah,50.0,-0.25,-2.38,50.25,102,16.20,EMERALD+,2026-10-08T19:13Z
Akali,Vladimir,50.3,1.76,-0.37,48.54,328,16.20,EMERALD+,2026-10-08T19:13Z
Akali,Lux,50.39,3.62,1.49,46.77,258,16.20,EMERALD+,2026-10-08T19:13Z
Akali,Ahri,50.68,3.51,1.38,47.17,663,16.20,EMERALD+,2026-10-08T19:13Z
Akali,Ekko,51.17,3.75,1.62,47.42,299,16.20,EMERALD+,2026-10-08T19:13Z
Akali,Yone,51.42,3.84,1.71,47.58,914,16.20,EMERALD+,2026-10-08T19:13Z
Akali,Katarina,51.53,3.47,1.34,48.06,588,16.20,EMERALD+,2026-10-08T19:13Z
Akali,Syndra,51.79,2.54,0.41,49.25,531,16.20,EMERALD+,2026-10-08T19:13Z
Akali,Fizz,52.45,5.73,3.6,46.72,368,16.20,EMERALD+,2026-10-08T19:13Z
Akali,Locke,52.61,4.14,2.01,48.47,804,16.20,EMERALD+,2026-10-08T19:13Z
Akali,Akshan,52.66,3.22,1.09,49.44,169,16.20,EMERALD+,2026-10-08T19:13Z
Akali,Qiyana,52.76,3.05,0.92,49.71,254,16.20,EMERALD+,2026-10-08T19:13Z
Akali,Ryze,52.82,-0.25,-2.38,53.07,142,16.20,EMERALD+,2026-10-08T19:13Z
Akali,Kassadin,53.09,4.22,2.09,48.87,194,16.20,EMERALD+,2026-10-08T19:13Z
Akali,Azir,53.54,1.44,-0.69,52.1,127,16.20,EMERALD+,2026-10-08T19:13Z
Akali,Diana,53.99,5.61,3.48,48.38,263,16.20,EMERALD+,2026-10-08T19:13Z
Akali,Viktor,54.31,5.58,3.45,48.73,836,16.20,EMERALD+,2026-10-08T19:13Z
Akali,Sylas,54.7,4.06,1.93,50.64,755,16.20,EMERALD+,2026-10-08T19:13Z
Akali,Irelia,55.02,5.21,3.08,49.81,229,16.20,EMERALD+,2026-10-08T19:13Z
Akali,Xerath,56.33,9.08,6.95,47.25,245,16.20,EMERALD+,2026-10-08T19:13Z
Akali,Orianna,56.79,4.25,2.12,52.54,243,16.20,EMERALD+,2026-10-08T19:13Z
Akali,Mel,62.5,9.71,7.58,52.79,136,16.20,EMERALD+,2026-10-08T19:13Z
Ekko,LeBlanc,46.15,-1.53,-5.39,47.68,299,16.20,EMERALD+,2026-10-08T19:13Z
Ekko,Kassadin,46.41,-2.46,-6.32,48.87,209,16.20,EMERALD+,2026-10-08T19:13Z
Ekko,Vex,46.43,-0.03,-3.89,46.46,196,16.20,EMERALD+,2026-10-08T19:13Z
Ekko,Aurelion Sol,46.79,-0.88,-4.74,47.67,109,16.20,EMERALD+,2026-10-08T19:13Z
Ekko,Sylas,49.11,-1.53,-5.39,50.64,505,16.20,EMERALD+,2026-10-08T19:13Z
Ekko,Anivia,49.32,0.73,-3.13,48.59,146,16.20,EMERALD+,2026-10-08T19:13Z
Ekko,Hwei,49.51,1.69,-2.17,47.82,206,16.20,EMERALD+,2026-10-08T19:13Z
Ekko,Lissandra,49.59,2.22,-1.64,47.37,363,16.20,EMERALD+,2026-10-08T19:13Z
Ekko,Yone,49.63,2.05,-1.81,47.58,546,16.20,EMERALD+,2026-10-08T19:13Z
Ekko,Twisted Fate,49.67,2.26,-1.6,47.41,300,16.20,EMERALD+,2026-10-08T19:13Z
Ekko,Locke,50.47,2.0,-1.86,48.47,535,16.20,EMERALD+,2026-10-08T19:13Z
Ekko,Aurora,50.58,2.55,-1.31,48.03,172,16.20,EMERALD+,2026-10-08T19:13Z
Ekko,Ahri,50.61,3.44,-0.42,47.17,573,16.20,EMERALD+,2026-10-08T19:13Z
Ekko,Vladimir,51.01,2.47,-1.39,48.54,296,16.20,EMERALD+,2026-10-08T19:13Z
Ekko,Yasuo,51.46,2.68,-1.18,48.78,548,16.20,EMERALD+,2026-10-08T19:13Z
Ekko,Syndra,51.59,2.34,-1.52,49.25,473,16.20,EMERALD+,2026-10-08T19:13Z
Ekko,Annie,51.67,4.54,0.68,47.13,120,16.20,EMERALD+,2026-10-08T19:13Z
Ekko,Akali,51.94,2.79,-1.07,49.15,310,16.20,EMERALD+,2026-10-08T19:13Z
Ekko,Malzahar,52.41,3.55,-0.31,48.86,311,16.20,EMERALD+,2026-10-08T19:13Z
Ekko,Xerath,52.72,5.47,1.61,47.25,239,16.20,EMERALD+,2026-10-08T19:13Z
Ekko,Lux,52.77,6.0,2.14,46.77,235,16.20,EMERALD+,2026-10-08T19:13Z
Ekko,Fizz,53.02,6.3,2.44,46.72,298,16.20,EMERALD+,2026-10-08T19:13Z
Ekko,Zoe,53.07,5.66,1.8,47.41,179,16.20,EMERALD+,2026-10-08T19:13Z
Ekko,Viktor,53.48,4.75,0.89,48.73,574,16.20,EMERALD+,2026-10-08T19:13Z
Ekko,Ryze,53.85,0.78,-3.06,53.07,130,16.20,EMERALD+,2026-10-08T19:13Z
Ekko,Diana,54.42,6.04,2.18,48.38,226,16.20,EMERALD+,2026-10-08T19:13Z
Ekko,Qiyana,54.63,4.92,1.06,49.71,205,16.20,EMERALD+,2026-10-08T19:13Z
Ekko,Veigar,56.13,7.97,4.11,48.16,212,16.20,EMERALD+,2026-10-08T19:13Z
Ekko,Katarina,56.64,8.58,4.72,48.06,459,16.20,EMERALD+,2026-10-08T19:13Z
Ekko,Akshan,56.74,7.3,3.44,49.44,141,16.20,EMERALD+,2026-10-08T19:13Z
Ekko,Mel,57.28,4.49,0.65,52.79,103,16.20,EMERALD+,2026-10-08T19:13Z
Ekko,Zed,57.38,8.19,4.33,49.19,664,16.20,EMERALD+,2026-10-08T19:13Z
Ekko,Talon,57.52,9.4,5.54,48.12,113,16.20,EMERALD+,2026-10-08T19:13Z
Ekko,Galio,57.65,7.87,4.01,49.78,281,16.20,EMERALD+,2026-10-08T19:13Z
Ekko,Azir,58.18,6.08,2.23,52.1,110,16.20,EMERALD+,2026-10-08T19:13Z
Ekko,Irelia,60.82,11.01,7.15,49.81,171,16.20,EMERALD+,2026-10-08T19:13Z
Ekko,Orianna,63.69,11.15,7.3,52.54,168,16.20,EMERALD+,2026-10-08T19:13Z
Diana,Nunu & Willump,42.73,-6.6,-9.81,49.33,110,16.20,EMERALD+,2026-10-08T19:13Z
Diana,Warwick,46.51,-0.0,-3.21,46.51,172,16.20,EMERALD+,2026-10-08T19:13Z
Diana,Xin Zhao,46.88,-3.08,-6.29,49.96,128,16.20,EMERALD+,2026-10-08T19:13Z
Diana,Shyvana,47.3,-0.3,-3.51,47.6,241,16.20,EMERALD+,2026-10-08T19:13Z
Diana,Zac,47.33,-0.16,-3.37,47.49,150,16.20,EMERALD+,2026-10-08T19:13Z
Diana,Lillia,47.38,0.11,-3.1,47.27,363,16.20,EMERALD+,2026-10-08T19:13Z
Diana,Talon,48.04,-0.51,-3.72,48.55,331,16.20,EMERALD+,2026-10-08T19:13Z
Diana,Viego,48.34,-1.63,-4.84,49.97,513,16.20,EMERALD+,2026-10-08T19:13Z
Diana,Kha'Zix,48.57,-0.57,-3.78,49.14,385,16.20,EMERALD+,2026-10-08T19:13Z
Diana,Udyr,49.52,0.57,-2.64,48.95,105,16.20,EMERALD+,2026-10-08T19:13Z
Diana,Sejuani,50.82,3.93,0.72,46.89,122,16.20,EMERALD+,2026-10-08T19:13Z
Diana,Cho'Gath,50.84,3.63,0.42,47.21,358,16.20,EMERALD+,2026-10-08T19:13Z
Diana,Qiyana,50.9,0.82,-2.39,50.08,446,16.20,EMERALD+,2026-10-08T19:13Z
Diana,Kindred,51.08,1.77,-1.44,49.31,186,16.20,EMERALD+,2026-10-08T19:13Z
Diana,Sylas,51.2,1.94,-1.27,49.26,457,16.20,EMERALD+,2026-10-08T19:13Z
Diana,Wukong,51.23,4.13,0.92,47.1,488,16.20,EMERALD+,2026-10-08T19:13Z
Diana,Nocturne,51.52,2.26,-0.95,49.26,198,16.20,EMERALD+,2026-10-08T19:13Z
Diana,Vi,51.55,1.49,-1.72,50.06,194,16.20,EMERALD+,2026-10-08T19:13Z
Diana,Zed,51.63,0.29,-2.92,51.34,153,16.20,EMERALD+,2026-10-08T19:13Z
Diana,Briar,51.79,3.65,0.44,48.14,224,16.20,EMERALD+,2026-10-08T19:13Z
Diana,Kayn,51.9,3.1,-0.11,48.8,420,16.20,EMERALD+,2026-10-08T19:13Z
Diana,Ekko,52.14,4.06,0.85,48.08,234,16.20,EMERALD+,2026-10-08T19:13Z
Diana,Fiddlesticks,52.34,4.67,1.46,47.67,128,16.20,EMERALD+,2026-10-08T19:13Z
Diana,Hecarim,52.59,3.16,-0.05,49.43,348,16.20,EMERALD+,2026-10-08T19:13Z
Diana,Jarvan IV,53.47,4.29,1.08,49.18,331,16.20,EMERALD+,2026-10-08T19:13Z
Diana,Shaco,53.49,5.97,2.76,47.52,258,16.20,EMERALD+,2026-10-08T19:13Z
Diana,Nidalee,53.67,5.37,2.16,48.3,177,16.20,EMERALD+,2026-10-08T19:13Z
Diana,Master Yi,53.82,6.1,2.89,47.72,353,16.20,EMERALD+,2026-10-08T19:13Z
Diana,Lee Sin,53.87,4.24,1.03,49.63,685,16.20,EMERALD+,2026-10-08T19:13Z
Diana,Amumu,55.36,6.41,3.2,48.95,112,16.20,EMERALD+,2026-10-08T19:13Z
Diana,Evelynn,55.37,7.95,4.74,47.42,121,16.20,EMERALD+,2026-10-08T19:13Z
Diana,Bel'Veth,57.36,9.54,6.33,47.82,129,16.20,EMERALD+,2026-10-08T19:13Z
Diana,Graves,58.1,9.02,5.81,49.08,506,16.20,EMERALD+,2026-10-08T19:13Z
Diana,Elise,58.13,10.65,7.44,47.48,203,16.20,EMERALD+,2026-10-08T19:13Z
Diana,Rengar,59.2,8.44,5.23,50.76,201,16.20,EMERALD+,2026-10-08T19:13Z
Diana,Naafiri,62.43,13.04,9.83,49.39,173,16.20,EMERALD+,2026-10-08T19:13Z
Yasuo,Veigar,44.19,-3.97,-6.47,48.16,396,16.20,EMERALD+,2026-10-08T19:13Z
Yasuo,Malzahar,44.3,-4.56,-7.06,48.86,693,16.20,EMERALD+,2026-10-08T19:13Z
Yasuo,Anivia,45.28,-3.31,-5.81,48.59,265,16.20,EMERALD+,2026-10-08T19:13Z
Yasuo,Renekton,45.37,-1.14,-3.64,46.51,227,16.20,EMERALD+,2026-10-08T19:13Z
Yasuo,Malphite,46.15,-1.65,-4.15,47.8,182,16.20,EMERALD+,2026-10-08T19:13Z
Yasuo,Yone,46.28,-1.3,-3.8,47.58,1426,16.20,EMERALD+,2026-10-08T19:13Z
Yasuo,Lissandra,47.65,0.28,-2.22,47.37,850,16.20,EMERALD+,2026-10-08T19:13Z
Yasuo,Vladimir,47.81,-0.73,-3.23,48.54,709,16.20,EMERALD+,2026-10-08T19:13Z
Yasuo,Kassadin,47.97,-0.9,-3.4,48.87,394,16.20,EMERALD+,2026-10-08T19:13Z
Yasuo,Zoe,48.3,0.89,-1.61,47.41,323,16.20,EMERALD+,2026-10-08T19:13Z
Yasuo,Pantheon,48.68,1.81,-0.69,46.87,189,16.20,EMERALD+,2026-10-08T19:13Z
Yasuo,Annie,48.76,1.63,-0.87,47.13,283,16.20,EMERALD+,2026-10-08T19:13Z
Yasuo,Talon,49.07,0.95,-1.55,48.12,216,16.20,EMERALD+,2026-10-08T19:13Z
Yasuo,Viktor,49.24,0.51,-1.99,48.73,987,16.20,EMERALD+,2026-10-08T19:13Z
Yasuo,Qiyana,49.33,-0.38,-2.88,49.71,371,16.20,EMERALD+,2026-10-08T19:13Z
Yasuo,Aurelion Sol,49.36,1.69,-0.81,47.67,235,16.20,EMERALD+,2026-10-08T19:13Z
Yasuo,Cho'Gath,49.5,2.01,-0.49,47.49,101,16.20,EMERALD+,2026-10-08T19:13Z
Yasuo,Cassiopeia,49.65,-2.45,-4.95,52.1,141,16.20,EMERALD+,2026-10-08T19:13Z
Yasuo,Vex,50.19,3.73,1.23,46.46,528,16.20,EMERALD+,2026-10-08T19:13Z
Yasuo,Nasus,50.29,2.19,-0.31,48.1,175,16.20,EMERALD+,2026-10-08T19:13Z
Yasuo,Ahri,50.35,3.18,0.68,47.17,999,16.20,EMERALD+,2026-10-08T19:13Z
Yasuo,LeBlanc,50.63,2.95,0.45,47.68,557,16.20,EMERALD+,2026-10-08T19:13Z
Yasuo,Taliyah,51.74,1.49,-1.01,50.25,230,16.20,EMERALD+,2026-10-08T19:13Z
Yasuo,Ekko,51.75,4.33,1.83,47.42,543,16.20,EMERALD+,2026-10-08T19:13Z
Yasuo,Xerath,52.11,4.86,2.36,47.25,451,16.20,EMERALD+,2026-10-08T19:13Z
Yasuo,Irelia,52.21,2.4,-0.1,49.81,362,16.20,EMERALD+,2026-10-08T19:13Z
Yasuo,Zed,52.42,3.23,0.73,49.19,1219,16.20,EMERALD+,2026-10-08T19:13Z
Yasuo,Akali,52.46,3.31,0.81,49.15,936,16.20,EMERALD+,2026-10-08T19:13Z
Yasuo,Hwei,52.66,4.84,2.34,47.82,414,16.20,EMERALD+,2026-10-08T19:13Z
Yasuo,Locke,53.25,4.78,2.28,48.47,862,16.20,EMERALD+,2026-10-08T19:13Z
Yasuo,Azir,53.54,1.44,-1.06,52.1,297,16.20,EMERALD+,2026-10-08T19:13Z
Yasuo,Aurora,53.98,5.95,3.45,48.03,289,16.20,EMERALD+,2026-10-08T19:13Z
Yasuo,Lux,54.21,7.44,4.94,46.77,404,16.20,EMERALD+,2026-10-08T19:13Z
Yasuo,Galio,54.23,4.45,1.95,49.78,378,16.20,EMERALD+,2026-10-08T19:13Z
Yasuo,Twisted Fate,54.25,6.84,4.34,47.41,518,16.20,EMERALD+,2026-10-08T19:13Z
Yasuo,Katarina,54.34,6.28,3.78,48.06,806,16.20,EMERALD+,2026-10-08T19:13Z
Yasuo,Fizz,54.66,7.94,5.44,46.72,622,16.20,EMERALD+,2026-10-08T19:13Z
Yasuo,Sylas,54.78,4.14,1.64,50.64,920,16.20,EMERALD+,2026-10-08T19:13Z
Yasuo,Syndra,55.03,5.78,3.28,49.25,805,16.20,EMERALD+,2026-10-08T19:13Z
Yasuo,Orianna,55.31,2.77,0.27,52.54,320,16.20,EMERALD+,2026-10-08T19:13Z
Yasuo,Swain,57.38,8.72,6.22,48.66,122,16.20,EMERALD+,2026-10-08T19:13Z
Yasuo,Ryze,57.47,4.4,1.91,53.07,221,16.20,EMERALD+,2026-10-08T19:13Z
Yasuo,Diana,57.81,9.43,6.93,48.38,384,16.20,EMERALD+,2026-10-08T19:13Z
Yasuo,Mel,59.14,6.35,3.86,52.79,257,16.20,EMERALD+,2026-10-08T19:13Z
Yasuo,Akshan,60.75,11.31,8.81,49.44,186,16.20,EMERALD+,2026-10-08T19:13Z
Yone,Anivia,43.4,-4.2,-6.81,47.6,106,16.20,EMERALD+,2026-10-08T19:13Z
Yone,Shen,43.94,-3.58,-6.19,47.52,371,16.20,EMERALD+,2026-10-08T19:13Z
Yone,Zaahen,44.76,-3.56,-6.17,48.32,353,16.20,EMERALD+,2026-10-08T19:13Z
Yone,Warwick,44.94,-2.39,-5.0,47.33,178,16.20,EMERALD+,2026-10-08T19:13Z
Yone,Pantheon,45.18,-3.01,-5.62,48.19,456,16.20,EMERALD+,2026-10-08T19:13Z
Yone,Riven,45.71,-3.23,-5.84,48.94,280,16.20,EMERALD+,2026-10-08T19:13Z
Yone,Fiora,46.56,-1.73,-4.34,48.29,610,16.20,EMERALD+,2026-10-08T19:13Z
Yone,Zed,47.06,0.6,-2.01,46.46,102,16.20,EMERALD+,2026-10-08T19:13Z
Yone,Irelia,47.45,-1.25,-3.86,48.7,628,16.20,EMERALD+,2026-10-08T19:13Z
Yone,Akali,47.51,-1.74,-4.35,49.25,543,16.20,EMERALD+,2026-10-08T19:13Z
Yone,Wukong,47.69,-0.88,-3.49,48.57,130,16.20,EMERALD+,2026-10-08T19:13Z
Yone,Tahm Kench,48.09,-0.09,-2.7,48.18,235,16.20,EMERALD+,2026-10-08T19:13Z
Yone,Gragas,48.11,-1.79,-4.4,49.9,318,16.20,EMERALD+,2026-10-08T19:13Z
Yone,Gangplank,48.29,-0.08,-2.69,48.37,613,16.20,EMERALD+,2026-10-08T19:13Z
Yone,Olaf,48.41,0.19,-2.42,48.22,283,16.20,EMERALD+,2026-10-08T19:13Z
Yone,Jayce,48.87,-2.15,-4.76,51.02,841,16.20,EMERALD+,2026-10-08T19:13Z
Yone,Malphite,49.1,2.21,-0.4,46.89,1000,16.20,EMERALD+,2026-10-08T19:13Z
Yone,Darius,49.17,0.14,-2.47,49.03,665,16.20,EMERALD+,2026-10-08T19:13Z
Yone,Renekton,49.3,0.1,-2.51,49.2,996,16.20,EMERALD+,2026-10-08T19:13Z
Yone,Singed,49.82,3.43,0.82,46.39,271,16.20,EMERALD+,2026-10-08T19:13Z
Yone,Gnar,50.13,0.33,-2.28,49.8,371,16.20,EMERALD+,2026-10-08T19:13Z
Yone,Jax,50.21,1.05,-1.56,49.16,972,16.20,EMERALD+,2026-10-08T19:13Z
Yone,Ornn,51.37,4.35,1.74,47.02,438,16.20,EMERALD+,2026-10-08T19:13Z
Yone,Aatrox,51.65,2.7,0.09,48.95,972,16.20,EMERALD+,2026-10-08T19:13Z
Yone,Ambessa,52.0,1.75,-0.86,50.25,425,16.20,EMERALD+,2026-10-08T19:13Z
Yone,Kennen,52.17,2.86,0.25,49.31,230,16.20,EMERALD+,2026-10-08T19:13Z
Yone,Urgot,52.19,5.27,2.66,46.92,274,16.20,EMERALD+,2026-10-08T19:13Z
Yone,Garen,52.39,4.52,1.91,47.87,691,16.20,EMERALD+,2026-10-08T19:13Z
Yone,Volibear,52.43,2.54,-0.07,49.89,494,16.20,EMERALD+,2026-10-08T19:13Z
Yone,Gwen,52.53,3.41,0.8,49.12,257,16.20,EMERALD+,2026-10-08T19:13Z
Yone,Camille,52.77,5.1,2.49,47.67,506,16.20,EMERALD+,2026-10-08T19:13Z
Yone,Yorick,52.78,3.7,1.09,49.08,360,16.20,EMERALD+,2026-10-08T19:13Z
Yone,Sett,52.85,5.13,2.52,47.72,738,16.20,EMERALD+,2026-10-08T19:13Z
Yone,Teemo,52.86,5.29,2.68,47.57,367,16.20,EMERALD+,2026-10-08T19:13Z
Yone,Nasus,53.14,5.38,2.77,47.76,589,16.20,EMERALD+,2026-10-08T19:13Z
Yone,Vayne,53.23,3.93,1.32,49.3,124,16.20,EMERALD+,2026-10-08T19:13Z
Yone,Tryndamere,53.39,4.44,1.83,48.95,384,16.20,EMERALD+,2026-10-08T19:13Z
Yone,Vladimir,53.74,4.64,2.03,49.1,214,16.20,EMERALD+,2026-10-08T19:13Z
Yone,Mordekaiser,53.79,6.19,3.58,47.6,634,16.20,EMERALD+,2026-10-08T19:13Z
Yone,Yasuo,54.05,5.24,2.63,48.81,555,16.20,EMERALD+,2026-10-08T19:13Z
Yone,Illaoi,54.27,6.37,3.76,47.9,293,16.20,EMERALD+,2026-10-08T19:13Z
Yone,Trundle,54.55,4.57,1.96,49.98,176,16.20,EMERALD+,2026-10-08T19:13Z
Yone,Cho'Gath,54.74,6.86,4.25,47.88,411,16.20,EMERALD+,2026-10-08T19:13Z
Yone,Dr. Mundo,54.75,6.89,4.28,47.86,400,16.20,EMERALD+,2026-10-08T19:13Z
Yone,Aurora,55.24,6.38,3.77,48.86,105,16.20,EMERALD+,2026-10-08T19:13Z
Yone,Kled,55.84,6.91,4.3,48.93,197,16.20,EMERALD+,2026-10-08T19:13Z
Yone,Kayle,56.11,8.56,5.95,47.55,221,16.20,EMERALD+,2026-10-08T19:13Z
Yone,Sion,56.94,7.87,5.26,49.07,418,16.20,EMERALD+,2026-10-08T19:13Z
Yone,K'Sante,57.72,5.71,3.1,52.01,492,16.20,EMERALD+,2026-10-08T19:13Z
Yone,Corki,57.98,4.41,1.81,53.57,119,16.20,EMERALD+,2026-10-08T19:13Z
Yone,Heimerdinger,60.32,11.34,8.73,48.98,126,16.20,EMERALD+,2026-10-08T19:13Z
Yone,Rumble,61.0,9.25,6.64,51.75,200,16.20,EMERALD+,2026-10-08T19:13Z
Yone,Sylas,64.29,15.58,12.97,48.71,126,16.20,EMERALD+,2026-10-08T19:13Z
Sylas,Swain,41.3,-7.36,-8.0,48.66,138,16.20,EMERALD+,2026-10-08T19:13Z
Sylas,Pantheon,44.55,-2.32,-2.96,46.87,101,16.20,EMERALD+,2026-10-08T19:13Z
Sylas,Vex,45.27,-1.19,-1.83,46.46,296,16.20,EMERALD+,2026-10-08T19:13Z
Sylas,Talon,45.56,-2.56,-3.2,48.12,180,16.20,EMERALD+,2026-10-08T19:13Z
Sylas,Katarina,45.99,-2.07,-2.71,48.06,648,16.20,EMERALD+,2026-10-08T19:13Z
Sylas,Aurora,46.92,-1.11,-1.75,48.03,292,16.20,EMERALD+,2026-10-08T19:13Z
Sylas,Veigar,47.0,-1.16,-1.8,48.16,317,16.20,EMERALD+,2026-10-08T19:13Z
Sylas,Lux,47.24,0.47,-0.17,46.77,326,16.20,EMERALD+,2026-10-08T19:13Z
Sylas,Taliyah,47.25,-3.0,-3.64,50.25,182,16.20,EMERALD+,2026-10-08T19:13Z
Sylas,Galio,47.65,-2.13,-2.77,49.78,468,16.20,EMERALD+,2026-10-08T19:13Z
Sylas,Yasuo,47.69,-1.09,-1.73,48.78,908,16.20,EMERALD+,2026-10-08T19:13Z
Sylas,Viktor,47.77,-0.96,-1.6,48.73,1007,16.20,EMERALD+,2026-10-08T19:13Z
Sylas,Diana,47.79,-0.59,-1.23,48.38,408,16.20,EMERALD+,2026-10-08T19:13Z
Sylas,Akshan,47.79,-1.65,-2.29,49.44,136,16.20,EMERALD+,2026-10-08T19:13Z
Sylas,Locke,47.83,-0.64,-1.28,48.47,782,16.20,EMERALD+,2026-10-08T19:13Z
Sylas,Ahri,48.16,0.99,0.35,47.17,1279,16.20,EMERALD+,2026-10-08T19:13Z
Sylas,Yone,48.32,0.74,0.1,47.58,923,16.20,EMERALD+,2026-10-08T19:13Z
Sylas,Malzahar,48.43,-0.43,-1.07,48.86,415,16.20,EMERALD+,2026-10-08T19:13Z
Sylas,Qiyana,48.96,-0.75,-1.39,49.71,288,16.20,EMERALD+,2026-10-08T19:13Z
Sylas,Akali,49.07,-0.08,-0.72,49.15,752,16.20,EMERALD+,2026-10-08T19:13Z
Sylas,Kassadin,49.18,0.31,-0.33,48.87,244,16.20,EMERALD+,2026-10-08T19:13Z
Sylas,LeBlanc,49.22,1.54,0.9,47.68,510,16.20,EMERALD+,2026-10-08T19:13Z
Sylas,Lissandra,49.28,1.91,1.27,47.37,621,16.20,EMERALD+,2026-10-08T19:13Z
Sylas,Syndra,49.54,0.29,-0.35,49.25,650,16.20,EMERALD+,2026-10-08T19:13Z
Sylas,Twisted Fate,50.07,2.66,2.02,47.41,705,16.20,EMERALD+,2026-10-08T19:13Z
Sylas,Hwei,50.28,2.46,1.82,47.82,358,16.20,EMERALD+,2026-10-08T19:13Z
Sylas,Annie,50.75,3.62,2.98,47.13,134,16.20,EMERALD+,2026-10-08T19:13Z
Sylas,Xerath,50.81,3.56,2.92,47.25,370,16.20,EMERALD+,2026-10-08T19:13Z
Sylas,Fizz,50.97,4.25,3.61,46.72,465,16.20,EMERALD+,2026-10-08T19:13Z
Sylas,Zoe,51.16,3.75,3.11,47.41,258,16.20,EMERALD+,2026-10-08T19:13Z
Sylas,Zed,52.29,3.1,2.46,49.19,897,16.20,EMERALD+,2026-10-08T19:13Z
Sylas,Ekko,52.83,5.41,4.77,47.42,494,16.20,EMERALD+,2026-10-08T19:13Z
Sylas,Anivia,53.18,4.59,3.95,48.59,173,16.20,EMERALD+,2026-10-08T19:13Z
Sylas,Aurelion Sol,53.94,6.27,5.63,47.67,165,16.20,EMERALD+,2026-10-08T19:13Z
Sylas,Orianna,53.99,1.45,0.81,52.54,326,16.20,EMERALD+,2026-10-08T19:13Z
Sylas,Ryze,54.47,1.4,0.76,53.07,246,16.20,EMERALD+,2026-10-08T19:13Z
Sylas,Vladimir,54.79,6.25,5.61,48.54,376,16.20,EMERALD+,2026-10-08T19:13Z
Sylas,Irelia,54.81,5.0,4.36,49.81,270,16.20,EMERALD+,2026-10-08T19:13Z
Sylas,Malphite,55.24,7.44,6.8,47.8,105,16.20,EMERALD+,2026-10-08T19:13Z
Sylas,Cassiopeia,57.72,5.62,4.98,52.1,149,16.20,EMERALD+,2026-10-08T19:13Z
Sylas,Azir,58.15,6.05,5.41,52.1,184,16.20,EMERALD+,2026-10-08T19:13Z
Sylas,Mel,59.35,6.56,5.92,52.79,155,16.20,EMERALD+,2026-10-08T19:13Z
Pantheon,Leona,44.79,-1.89,-4.62,46.68,384,16.20,EMERALD+,2026-10-08T19:13Z
Pantheon,Poppy,46.89,-1.45,-4.18,48.34,177,16.20,EMERALD+,2026-10-08T19:13Z
Pantheon,Seraphine,47.73,-0.65,-3.38,48.38,220,16.20,EMERALD+,2026-10-08T19:13Z
Pantheon,Bard,48.02,-2.21,-4.94,50.23,227,16.20,EMERALD+,2026-10-08T19:13Z
Pantheon,Braum,48.39,1.52,-1.21,46.87,310,16.20,EMERALD+,2026-10-08T19:13Z
Pantheon,Soraka,48.65,0.31,-2.42,48.34,185,16.20,EMERALD+,2026-10-08T19:13Z
Pantheon,Janna,49.05,1.87,-0.86,47.18,210,16.20,EMERALD+,2026-10-08T19:13Z
Pantheon,Rakan,49.44,1.98,-0.75,47.46,178,16.20,EMERALD+,2026-10-08T19:13Z
Pantheon,Thresh,49.6,2.95,0.22,46.65,756,16.20,EMERALD+,2026-10-08T19:13Z
Pantheon,Rell,49.7,2.69,-0.04,47.01,169,16.20,EMERALD+,2026-10-08T19:13Z
Pantheon,Karma,49.71,-0.31,-3.04,50.02,350,16.20,EMERALD+,2026-10-08T19:13Z
Pantheon,Xerath,50.0,0.78,-1.95,49.22,130,16.20,EMERALD+,2026-10-08T19:13Z
Pantheon,Lulu,50.09,0.91,-1.82,49.18,569,16.20,EMERALD+,2026-10-08T19:13Z
Pantheon,Alistar,51.1,3.33,0.6,47.77,317,16.20,EMERALD+,2026-10-08T19:13Z
Pantheon,Camille,51.11,-0.84,-3.57,51.95,135,16.20,EMERALD+,2026-10-08T19:13Z
Pantheon,Pyke,51.5,2.84,0.11,48.66,367,16.20,EMERALD+,2026-10-08T19:13Z
Pantheon,Nautilus,51.53,2.45,-0.28,49.08,489,16.20,EMERALD+,2026-10-08T19:13Z
Pantheon,Brand,52.0,2.6,-0.13,49.4,125,16.20,EMERALD+,2026-10-08T19:13Z
Pantheon,Blitzcrank,52.65,5.14,2.41,47.51,340,16.20,EMERALD+,2026-10-08T19:13Z
Pantheon,Milio,52.71,3.88,1.15,48.83,258,16.20,EMERALD+,2026-10-08T19:13Z
Pantheon,Yuumi,52.94,1.4,-1.33,51.54,391,16.20,EMERALD+,2026-10-08T19:13Z
Pantheon,Tahm Kench,53.38,6.23,3.5,47.15,148,16.20,EMERALD+,2026-10-08T19:13Z
Pantheon,Lux,53.63,5.07,2.34,48.56,317,16.20,EMERALD+,2026-10-08T19:13Z
Pantheon,Zyra,54.05,5.07,2.34,48.98,111,16.20,EMERALD+,2026-10-08T19:13Z
Pantheon,Senna,54.31,6.56,3.83,47.75,232,16.20,EMERALD+,2026-10-08T19:13Z
Pantheon,Nami,54.49,6.32,3.59,48.17,323,16.20,EMERALD+,2026-10-08T19:13Z
Pantheon,Swain,56.07,5.67,2.94,50.4,173,16.20,EMERALD+,2026-10-08T19:13Z
Pantheon,Morgana,56.42,8.11,5.38,48.31,179,16.20,EMERALD+,2026-10-08T19:13Z
Pantheon,Zilean,58.42,11.1,8.37,47.32,101,16.20,EMERALD+,2026-10-08T19:13Z
Kassadin,Aurora,43.27,-4.67,-7.04,47.94,104,16.20,EMERALD+,2026-10-08T19:13Z
Kassadin,Irelia,43.64,-6.26,-8.63,49.9,110,16.20,EMERALD+,2026-10-08T19:13Z
Kassadin,Diana,45.54,-2.84,-5.21,48.38,112,16.20,EMERALD+,2026-10-08T19:13Z
Kassadin,Syndra,46.23,-3.11,-5.48,49.34,292,16.20,EMERALD+,2026-10-08T19:13Z
Kassadin,Zed,46.95,-2.32,-4.69,49.27,213,16.20,EMERALD+,2026-10-08T19:13Z
Kassadin,Lissandra,47.32,-0.11,-2.48,47.43,205,16.20,EMERALD+,2026-10-08T19:13Z
Kassadin,Hwei,48.0,0.14,-2.23,47.86,125,16.20,EMERALD+,2026-10-08T19:13Z
Kassadin,LeBlanc,48.7,1.0,-1.37,47.7,230,16.20,EMERALD+,2026-10-08T19:13Z
Kassadin,Anivia,49.07,0.52,-1.85,48.55,108,16.20,EMERALD+,2026-10-08T19:13Z
Kassadin,Yone,49.07,1.5,-0.87,47.57,432,16.20,EMERALD+,2026-10-08T19:13Z
Kassadin,Qiyana,49.24,-0.53,-2.9,49.77,132,16.20,EMERALD+,2026-10-08T19:13Z
Kassadin,Veigar,49.4,1.14,-1.23,48.26,168,16.20,EMERALD+,2026-10-08T19:13Z
Kassadin,Lux,49.66,2.87,0.5,46.79,147,16.20,EMERALD+,2026-10-08T19:13Z
Kassadin,Vladimir,49.78,1.35,-1.02,48.43,225,16.20,EMERALD+,2026-10-08T19:13Z
Kassadin,Ahri,50.42,3.18,0.81,47.24,355,16.20,EMERALD+,2026-10-08T19:13Z
Kassadin,Fizz,50.44,3.61,1.24,46.83,228,16.20,EMERALD+,2026-10-08T19:13Z
Kassadin,Akshan,50.46,0.85,-1.52,49.61,109,16.20,EMERALD+,2026-10-08T19:13Z
Kassadin,Malzahar,50.48,1.48,-0.89,49.0,208,16.20,EMERALD+,2026-10-08T19:13Z
Kassadin,Akali,50.5,1.32,-1.05,49.18,202,16.20,EMERALD+,2026-10-08T19:13Z
Kassadin,Locke,51.05,2.46,0.09,48.59,382,16.20,EMERALD+,2026-10-08T19:13Z
Kassadin,Sylas,51.39,0.76,-1.61,50.63,251,16.20,EMERALD+,2026-10-08T19:13Z
Kassadin,Viktor,51.8,3.15,0.78,48.65,334,16.20,EMERALD+,2026-10-08T19:13Z
Kassadin,Ekko,53.95,6.61,4.24,47.34,215,16.20,EMERALD+,2026-10-08T19:13Z
Kassadin,Katarina,54.25,6.16,3.79,48.09,365,16.20,EMERALD+,2026-10-08T19:13Z
Kassadin,Xerath,54.66,7.38,5.01,47.28,161,16.20,EMERALD+,2026-10-08T19:13Z
Kassadin,Yasuo,55.8,7.02,4.65,48.78,371,16.20,EMERALD+,2026-10-08T19:13Z
Kassadin,Galio,56.0,6.17,3.8,49.83,100,16.20,EMERALD+,2026-10-08T19:13Z
Kassadin,Twisted Fate,56.57,9.05,6.68,47.52,175,16.20,EMERALD+,2026-10-08T19:13Z
Kassadin,Zoe,57.52,10.05,7.68,47.47,113,16.20,EMERALD+,2026-10-08T19:13Z
Vladimir,Zoe,41.03,-6.44,-9.27,47.47,195,16.20,EMERALD+,2026-10-08T19:13Z
Vladimir,Hwei,42.73,-5.13,-7.96,47.86,227,16.20,EMERALD+,2026-10-08T19:13Z
Vladimir,Aurora,43.82,-4.12,-6.95,47.94,178,16.20,EMERALD+,2026-10-08T19:13Z
Vladimir,Anivia,46.4,-2.15,-4.98,48.55,125,16.20,EMERALD+,2026-10-08T19:13Z
Vladimir,Malzahar,46.41,-2.59,-5.42,49.0,390,16.20,EMERALD+,2026-10-08T19:13Z
Vladimir,Twisted Fate,47.06,-0.46,-3.29,47.52,255,16.20,EMERALD+,2026-10-08T19:13Z
Vladimir,Sylas,47.21,-3.42,-6.25,50.63,377,16.20,EMERALD+,2026-10-08T19:13Z
Vladimir,LeBlanc,48.58,0.88,-1.95,47.7,317,16.20,EMERALD+,2026-10-08T19:13Z
Vladimir,Ahri,49.07,1.83,-1.0,47.24,540,16.20,EMERALD+,2026-10-08T19:13Z
Vladimir,Lissandra,49.5,2.07,-0.76,47.43,301,16.20,EMERALD+,2026-10-08T19:13Z
Vladimir,Syndra,50.0,0.66,-2.17,49.34,386,16.20,EMERALD+,2026-10-08T19:13Z
Vladimir,Lux,50.0,3.21,0.38,46.79,222,16.20,EMERALD+,2026-10-08T19:13Z
Vladimir,Yone,50.09,2.52,-0.31,47.57,541,16.20,EMERALD+,2026-10-08T19:13Z
Vladimir,Galio,50.3,0.47,-2.36,49.83,165,16.20,EMERALD+,2026-10-08T19:13Z
Vladimir,Xerath,50.79,3.51,0.68,47.28,191,16.20,EMERALD+,2026-10-08T19:13Z
Vladimir,Akali,51.41,2.23,-0.6,49.18,319,16.20,EMERALD+,2026-10-08T19:13Z
Vladimir,Orianna,51.81,-0.67,-3.49,52.48,193,16.20,EMERALD+,2026-10-08T19:13Z
Vladimir,Ryze,51.91,-1.12,-3.94,53.03,183,16.20,EMERALD+,2026-10-08T19:13Z
Vladimir,Zed,51.95,2.68,-0.15,49.27,512,16.20,EMERALD+,2026-10-08T19:13Z
Vladimir,Kassadin,52.19,3.3,0.47,48.89,228,16.20,EMERALD+,2026-10-08T19:13Z
Vladimir,Locke,52.37,3.78,0.95,48.59,401,16.20,EMERALD+,2026-10-08T19:13Z
Vladimir,Qiyana,52.38,2.61,-0.22,49.77,189,16.20,EMERALD+,2026-10-08T19:13Z
Vladimir,Ekko,52.67,5.33,2.5,47.34,300,16.20,EMERALD+,2026-10-08T19:13Z
Vladimir,Diana,53.02,4.64,1.81,48.38,215,16.20,EMERALD+,2026-10-08T19:13Z
Vladimir,Irelia,53.29,3.39,0.56,49.9,167,16.20,EMERALD+,2026-10-08T19:13Z
Vladimir,Mel,53.33,0.45,-2.37,52.88,105,16.20,EMERALD+,2026-10-08T19:13Z
Vladimir,Aurelion Sol,53.57,5.9,3.07,47.67,112,16.20,EMERALD+,2026-10-08T19:13Z
Vladimir,Yasuo,54.01,5.23,2.4,48.78,724,16.20,EMERALD+,2026-10-08T19:13Z
Vladimir,Viktor,54.08,5.43,2.6,48.65,466,16.20,EMERALD+,2026-10-08T19:13Z
Vladimir,Cassiopeia,54.55,2.32,-0.5,52.23,110,16.20,EMERALD+,2026-10-08T19:13Z
Vladimir,Akshan,55.8,6.19,3.36,49.61,138,16.20,EMERALD+,2026-10-08T19:13Z
Vladimir,Fizz,55.99,9.16,6.33,46.83,334,16.20,EMERALD+,2026-10-08T19:13Z
Vladimir,Katarina,56.72,8.63,5.8,48.09,543,16.20,EMERALD+,2026-10-08T19:13Z
Vladimir,Vex,57.25,10.74,7.91,46.51,138,16.20,EMERALD+,2026-10-08T19:13Z
Vladimir,Veigar,58.26,10.0,7.17,48.26,218,16.20,EMERALD+,2026-10-08T19:13Z
Vladimir,Azir,63.55,11.52,8.69,52.03,107,16.20,EMERALD+,2026-10-08T19:13Z
Cassiopeia,Zed,43.06,-6.21,-5.24,49.27,144,16.20,EMERALD+,2026-10-08T19:13Z
Cassiopeia,Vladimir,43.93,-4.5,-3.54,48.43,107,16.20,EMERALD+,2026-10-08T19:13Z
Cassiopeia,Sylas,44.29,-6.34,-5.37,50.63,140,16.20,EMERALD+,2026-10-08T19:13Z
Cassiopeia,Viktor,46.75,-1.9,-0.93,48.65,169,16.20,EMERALD+,2026-10-08T19:13Z
Cassiopeia,Locke,47.32,-1.27,-0.3,48.59,112,16.20,EMERALD+,2026-10-08T19:13Z
Cassiopeia,Katarina,47.83,-0.26,0.7,48.09,115,16.20,EMERALD+,2026-10-08T19:13Z
Cassiopeia,Syndra,49.15,-0.19,0.78,49.34,118,16.20,EMERALD+,2026-10-08T19:13Z
Cassiopeia,Ahri,50.48,3.24,4.2,47.24,105,16.20,EMERALD+,2026-10-08T19:13Z
Cassiopeia,Yone,52.14,4.57,5.53,47.57,117,16.20,EMERALD+,2026-10-08T19:13Z
Cassiopeia,Yasuo,52.94,4.16,5.13,48.78,136,16.20,EMERALD+,2026-10-08T19:13Z
Ryze,Hwei,37.96,-9.9,-8.14,47.86,108,16.20,EMERALD+,2026-10-08T19:13Z
Ryze,Galio,39.81,-10.02,-8.25,49.83,103,16.20,EMERALD+,2026-10-08T19:13Z
Ryze,Viktor,43.6,-5.05,-3.29,48.65,344,16.20,EMERALD+,2026-10-08T19:13Z
Ryze,Yone,44.09,-3.48,-1.73,47.57,254,16.20,EMERALD+,2026-10-08T19:13Z
Ryze,Lux,44.44,-2.35,-0.6,46.79,108,16.20,EMERALD+,2026-10-08T19:13Z
Ryze,Twisted Fate,44.71,-2.81,-1.06,47.52,208,16.20,EMERALD+,2026-10-08T19:13Z
Ryze,Katarina,45.18,-2.91,-1.15,48.09,166,16.20,EMERALD+,2026-10-08T19:13Z
Ryze,Zed,45.29,-3.98,-2.21,49.27,223,16.20,EMERALD+,2026-10-08T19:13Z
Ryze,Orianna,45.37,-7.11,-5.34,52.48,108,16.20,EMERALD+,2026-10-08T19:13Z
Ryze,Locke,45.54,-3.05,-1.29,48.59,202,16.20,EMERALD+,2026-10-08T19:13Z
Ryze,Ekko,45.99,-1.35,0.4,47.34,137,16.20,EMERALD+,2026-10-08T19:13Z
Ryze,Yasuo,46.47,-2.31,-0.55,48.78,241,16.20,EMERALD+,2026-10-08T19:13Z
Ryze,Sylas,48.02,-2.61,-0.84,50.63,252,16.20,EMERALD+,2026-10-08T19:13Z
Ryze,Vladimir,48.04,-0.39,1.37,48.43,179,16.20,EMERALD+,2026-10-08T19:13Z
Ryze,Malzahar,48.06,-0.94,0.83,49.0,129,16.20,EMERALD+,2026-10-08T19:13Z
Ryze,Lissandra,48.72,1.29,3.04,47.43,156,16.20,EMERALD+,2026-10-08T19:13Z
Ryze,Syndra,49.15,-0.19,1.58,49.34,236,16.20,EMERALD+,2026-10-08T19:13Z
Ryze,LeBlanc,49.7,2.0,3.76,47.7,167,16.20,EMERALD+,2026-10-08T19:13Z
Ryze,Akali,50.0,0.82,2.59,49.18,146,16.20,EMERALD+,2026-10-08T19:13Z
Ryze,Ahri,50.19,2.95,4.7,47.24,267,16.20,EMERALD+,2026-10-08T19:13Z
Ryze,Diana,50.85,2.47,4.23,48.38,118,16.20,EMERALD+,2026-10-08T19:13Z
Ryze,Fizz,51.01,4.18,5.93,46.83,149,16.20,EMERALD+,2026-10-08T19:13Z
Ryze,Anivia,54.46,5.91,7.67,48.55,101,16.20,EMERALD+,2026-10-08T19:13Z
Aurelion Sol,Yone,46.95,-0.63,-4.24,47.58,213,16.20,EMERALD+,2026-10-08T19:13Z
Aurelion Sol,Twisted Fate,47.73,0.32,-3.29,47.41,132,16.20,EMERALD+,2026-10-08T19:13Z
Aurelion Sol,Sylas,48.72,-1.92,-5.53,50.64,156,16.20,EMERALD+,2026-10-08T19:13Z
Aurelion Sol,Katarina,49.18,1.12,-2.49,48.06,122,16.20,EMERALD+,2026-10-08T19:13Z
Aurelion Sol,LeBlanc,50.42,2.74,-0.87,47.68,119,16.20,EMERALD+,2026-10-08T19:13Z
Aurelion Sol,Zed,50.67,1.48,-2.13,49.19,150,16.20,EMERALD+,2026-10-08T19:13Z
Aurelion Sol,Ahri,50.81,3.64,0.03,47.17,185,16.20,EMERALD+,2026-10-08T19:13Z
Aurelion Sol,Fizz,51.92,5.2,1.59,46.72,104,16.20,EMERALD+,2026-10-08T19:13Z
Aurelion Sol,Vladimir,52.25,3.71,0.1,48.54,111,16.20,EMERALD+,2026-10-08T19:13Z
Aurelion Sol,Malzahar,53.25,4.39,0.78,48.86,154,16.20,EMERALD+,2026-10-08T19:13Z
Aurelion Sol,Ekko,53.33,5.91,2.3,47.42,105,16.20,EMERALD+,2026-10-08T19:13Z
Aurelion Sol,Viktor,53.65,4.92,1.31,48.73,233,16.20,EMERALD+,2026-10-08T19:13Z
Aurelion Sol,Syndra,53.76,4.51,0.9,49.25,173,16.20,EMERALD+,2026-10-08T19:13Z
Aurelion Sol,Lissandra,55.24,7.87,4.26,47.37,143,16.20,EMERALD+,2026-10-08T19:13Z
Aurelion Sol,Veigar,55.66,7.5,3.89,48.16,106,16.20,EMERALD+,2026-10-08T19:13Z
Aurelion Sol,Yasuo,55.7,6.92,3.31,48.78,237,16.20,EMERALD+,2026-10-08T19:13Z
Aurelion Sol,Locke,55.81,7.34,3.73,48.47,172,16.20,EMERALD+,2026-10-08T19:13Z
Aurelion Sol,Akali,56.52,7.37,3.76,49.15,115,16.20,EMERALD+,2026-10-08T19:13Z
Twisted Fate,Annie,44.63,-2.45,-6.19,47.08,121,16.20,EMERALD+,2026-10-08T19:13Z
Twisted Fate,Diana,45.15,-3.23,-6.97,48.38,237,16.20,EMERALD+,2026-10-08T19:13Z
Twisted Fate,Fizz,45.5,-1.33,-5.07,46.83,367,16.20,EMERALD+,2026-10-08T19:13Z
Twisted Fate,Kassadin,45.7,-3.19,-6.93,48.89,186,16.20,EMERALD+,2026-10-08T19:13Z
Twisted Fate,Yasuo,46.68,-2.1,-5.84,48.78,527,16.20,EMERALD+,2026-10-08T19:13Z
Twisted Fate,Talon,47.34,-0.81,-4.55,48.15,188,16.20,EMERALD+,2026-10-08T19:13Z
Twisted Fate,Qiyana,48.77,-1.0,-4.74,49.77,203,16.20,EMERALD+,2026-10-08T19:13Z
Twisted Fate,Locke,49.21,0.62,-3.12,48.59,506,16.20,EMERALD+,2026-10-08T19:13Z
Twisted Fate,Veigar,49.79,1.53,-2.21,48.26,239,16.20,EMERALD+,2026-10-08T19:13Z
Twisted Fate,Viktor,50.24,1.59,-2.15,48.65,826,16.20,EMERALD+,2026-10-08T19:13Z
Twisted Fate,Zed,51.04,1.77,-1.97,49.27,531,16.20,EMERALD+,2026-10-08T19:13Z
Twisted Fate,Ahri,51.72,4.48,0.74,47.24,698,16.20,EMERALD+,2026-10-08T19:13Z
Twisted Fate,Katarina,51.82,3.73,-0.01,48.09,467,16.20,EMERALD+,2026-10-08T19:13Z
Twisted Fate,Ekko,52.15,4.81,1.07,47.34,303,16.20,EMERALD+,2026-10-08T19:13Z
Twisted Fate,Azir,52.52,0.49,-3.24,52.03,139,16.20,EMERALD+,2026-10-08T19:13Z
Twisted Fate,Xerath,52.54,5.26,1.52,47.28,354,16.20,EMERALD+,2026-10-08T19:13Z
Twisted Fate,Aurora,52.57,4.63,0.89,47.94,272,16.20,EMERALD+,2026-10-08T19:13Z
Twisted Fate,Sylas,52.88,2.25,-1.49,50.63,711,16.20,EMERALD+,2026-10-08T19:13Z
Twisted Fate,Anivia,53.5,4.95,1.21,48.55,157,16.20,EMERALD+,2026-10-08T19:13Z
Twisted Fate,Orianna,53.57,1.09,-2.64,52.48,252,16.20,EMERALD+,2026-10-08T19:13Z
Twisted Fate,Malzahar,53.97,4.97,1.23,49.0,504,16.20,EMERALD+,2026-10-08T19:13Z
Twisted Fate,Lissandra,54.01,6.58,2.84,47.43,387,16.20,EMERALD+,2026-10-08T19:13Z
Twisted Fate,Taliyah,54.35,4.1,0.36,50.25,138,16.20,EMERALD+,2026-10-08T19:13Z
Twisted Fate,Zoe,54.44,6.97,3.23,47.47,248,16.20,EMERALD+,2026-10-08T19:13Z
Twisted Fate,Yone,54.49,6.92,3.18,47.57,613,16.20,EMERALD+,2026-10-08T19:13Z
Twisted Fate,Irelia,54.55,4.65,0.91,49.9,176,16.20,EMERALD+,2026-10-08T19:13Z
Twisted Fate,LeBlanc,54.67,6.97,3.23,47.7,375,16.20,EMERALD+,2026-10-08T19:13Z
Twisted Fate,Syndra,54.7,5.36,1.62,49.34,574,16.20,EMERALD+,2026-10-08T19:13Z
Twisted Fate,Vladimir,55.38,6.95,3.21,48.43,251,16.20,EMERALD+,2026-10-08T19:13Z
Twisted Fate,Aurelion Sol,55.48,7.81,4.07,47.67,146,16.20,EMERALD+,2026-10-08T19:13Z
Twisted Fate,Lux,55.83,9.04,5.3,46.79,283,16.20,EMERALD+,2026-10-08T19:13Z
Twisted Fate,Galio,55.9,6.07,2.33,49.83,322,16.20,EMERALD+,2026-10-08T19:13Z
Twisted Fate,Ryze,56.07,3.04,-0.68,53.03,214,16.20,EMERALD+,2026-10-08T19:13Z
Twisted Fate,Hwei,56.96,9.1,5.36,47.86,309,16.20,EMERALD+,2026-10-08T19:13Z
Twisted Fate,Mel,57.21,4.33,0.61,52.88,229,16.20,EMERALD+,2026-10-08T19:13Z
Twisted Fate,Vex,57.47,10.96,7.22,46.51,221,16.20,EMERALD+,2026-10-08T19:13Z
Twisted Fate,Akali,58.16,8.98,5.24,49.18,478,16.20,EMERALD+,2026-10-08T19:13Z
Twisted Fate,Akshan,58.2,8.59,4.85,49.61,189,16.20,EMERALD+,2026-10-08T19:13Z
